name,nFunctions,nCoroutines,nChannels,nClasses,should,error,actual,detected,loopy
test0,4,4,6,0,true,GraphError,true,false,false
test1,2,7,4,4,false,NoError,false,true,true
test2,4,7,7,5,true,NoError,true,true,false
test3,7,1,8,1,false,NoError,true,true,false
test4,7,5,4,4,true,NoError,true,true,true
test5,4,1,2,3,false,NoError,false,true,true
test6,7,1,5,0,true,NoError,true,true,false
test7,4,8,3,2,true,NoError,false,false,false
test8,6,2,2,1,true,NoError,true,true,true
test9,5,4,7,5,false,NoError,false,true,true
test10,7,3,4,3,false,NoError,true,true,false
test11,7,4,3,0,false,KotlinRuntimeError,false,false,true
test12,2,5,2,1,true,NoError,false,false,true
test13,8,1,7,1,false,NoError,true,true,true
test14,6,5,8,1,false,NoError,true,true,true
test15,7,2,6,0,false,NoError,true,false,false
test16,7,6,5,4,false,NoError,false,true,true
test17,5,5,8,4,true,NoError,true,true,true
test18,7,6,8,5,true,NoError,true,true,false
test19,7,6,6,2,false,NoError,false,false,true
test20,5,8,3,1,true,NoError,true,true,true
test21,3,6,5,0,false,NoError,true,true,true
test22,8,5,6,1,true,NoError,true,true,false
test23,7,8,4,3,false,NoError,false,true,true
test25,3,1,1,5,true,NoError,true,true,false
test26,4,8,5,5,true,GraphError,true,false,false
test27,6,6,3,1,true,NoError,false,false,false
test28,2,4,8,2,true,NoError,true,true,false
test29,4,2,8,1,true,GraphError,true,false,false
test30,6,5,6,5,false,NoError,true,true,true
test31,7,6,2,0,false,KotlinRuntimeError,false,false,true
test32,5,2,2,0,true,NoError,true,true,false
test33,8,7,6,4,false,NoError,true,true,false
test34,8,6,6,5,false,GraphError,false,false,true
test35,5,1,1,3,true,NoError,true,true,false
test36,8,8,4,3,true,KotlinCompileError,false,false,false
test37,6,1,8,3,false,NoError,true,true,false
test38,3,4,3,5,true,NoError,true,true,false
test39,3,8,1,1,false,NoError,false,false,true
test40,7,8,1,5,false,NoError,true,false,true
test41,2,2,6,2,false,KotlinCompileError,false,false,true
test42,7,6,7,3,false,NoError,true,false,false
test43,4,5,2,1,true,NoError,true,true,false
test44,2,2,4,1,true,NoError,true,true,false
test45,3,2,5,2,false,NoError,true,true,false
test46,2,6,7,0,true,NoError,true,true,false
test47,8,1,6,1,true,NoError,true,false,false
test48,8,8,6,3,true,NoError,true,true,false
test49,4,5,7,3,false,NoError,false,true,true
test50,7,4,1,4,false,NoError,false,false,true
test51,5,1,3,5,true,GraphError,true,false,false
test52,7,5,4,2,true,NoError,false,false,false
test53,3,1,1,2,true,NoError,false,false,true
test54,5,7,4,0,false,NoError,false,true,true
test55,4,4,5,5,true,NoError,true,true,false
test56,2,6,5,0,false,NoError,false,true,true
test57,6,3,4,3,false,NoError,true,true,true
test58,5,2,3,2,true,GraphError,true,false,false
test59,3,7,4,5,true,NoError,true,true,false
test60,8,3,1,5,true,NoError,true,true,false
test61,7,7,7,5,false,NoError,true,true,true
test62,8,1,7,1,true,NoError,true,true,false
test63,8,5,2,4,false,NoError,true,true,true
test64,4,4,8,0,false,NoError,true,true,true
test65,4,2,6,4,false,NoError,true,true,false
test66,4,6,1,4,true,NoError,true,false,false
test67,8,5,1,1,false,NoError,false,true,true
test68,7,7,4,0,true,NoError,true,true,false
test69,3,6,2,2,false,NoError,false,false,true
test70,6,3,7,3,false,GraphError,false,false,false
test71,7,5,7,1,true,NoError,true,true,false
test72,2,4,7,5,true,NoError,true,true,false
test73,3,2,2,4,true,KotlinCompileError,false,false,false
test74,3,3,4,4,true,NoError,true,true,false
test75,5,8,1,5,false,NoError,true,true,true
test76,5,3,4,4,false,NoError,false,false,false
test77,2,2,6,0,false,NoError,true,true,true
test78,2,6,3,3,true,NoError,true,true,true
test79,3,1,5,5,false,NoError,true,true,true
test80,7,4,7,5,false,NoError,false,true,true
test81,7,6,8,0,false,NoError,true,true,false
test82,6,2,7,2,true,NoError,false,false,true
test83,6,1,7,2,false,KotlinCompileError,false,false,false
test84,6,2,4,0,false,KotlinCompileError,false,false,true
test85,4,4,6,0,false,NoError,false,true,true
test86,5,5,2,1,true,NoError,true,true,false
test87,4,4,3,0,false,NoError,false,true,true
test88,5,2,4,3,true,NoError,true,true,true
test89,3,8,4,3,false,NoError,true,true,true
test90,8,1,5,2,true,NoError,true,true,false
test91,8,4,7,3,true,NoError,true,true,false
test92,4,2,4,0,true,NoError,true,true,false
test93,2,8,8,0,false,NoError,true,true,true
test94,2,2,6,0,true,NoError,true,true,false
test95,7,3,2,1,true,KotlinCompileError,false,false,true
test96,7,4,3,1,false,NoError,false,true,true
test97,2,5,3,2,false,NoError,false,false,true
test98,4,7,7,2,false,KotlinRuntimeError,false,false,true
test99,3,2,6,4,false,NoError,false,false,false
test101,4,7,1,3,true,NoError,true,false,true
test102,5,8,4,1,false,NoError,false,false,true
test103,7,7,7,1,false,NoError,false,true,true
test104,5,5,2,1,false,NoError,true,true,true
test105,6,1,3,5,false,NoError,false,false,true
test106,3,8,2,5,false,NoError,true,true,true
test107,4,6,1,4,true,NoError,true,true,true
test108,7,2,6,0,true,NoError,true,false,true
test109,4,1,5,0,true,GraphError,true,false,false
test110,6,3,7,5,true,NoError,true,false,true
test111,3,2,7,5,false,InvalidModelError,true,false,true
test112,8,2,5,3,true,NoError,true,true,false
test113,4,8,6,3,false,NoError,false,true,true
test114,5,2,1,2,false,NoError,true,false,false
test115,4,6,2,2,false,NoError,true,false,true
test116,4,7,8,2,false,GraphError,true,false,true
test117,5,3,2,3,true,NoError,false,false,true
test118,4,7,4,5,false,NoError,true,false,false
test119,6,1,1,3,true,NoError,true,true,true
test120,5,7,1,1,true,NoError,true,true,true
test121,8,7,3,1,true,NoError,true,true,false
test122,6,7,4,0,false,NoError,false,true,true
test123,7,3,8,5,true,NoError,true,true,false
test125,7,7,3,5,false,NoError,false,true,true
test126,3,7,3,2,true,NoError,true,true,true
test127,2,8,2,2,true,NoError,true,true,true
test128,2,2,3,5,false,NoError,true,false,true
test129,7,4,5,3,true,GraphError,false,false,false
test130,7,3,8,5,true,NoError,true,true,false
test131,8,7,8,5,true,NoError,true,true,false
test132,4,4,6,0,false,NoError,true,true,true
test133,6,7,6,5,true,NoError,true,true,true
test134,8,4,4,1,false,NoError,true,true,true
test135,5,2,7,5,false,NoError,true,true,true
test136,8,5,8,3,false,NoError,false,false,false
test137,4,7,2,2,false,NoError,false,true,true
test138,7,1,1,4,false,NoError,false,true,false
test139,8,7,3,3,false,NoError,true,true,true
test140,4,7,7,4,true,NoError,true,true,false
test141,4,8,1,3,true,NoError,true,true,true
test144,6,1,2,3,false,NoError,false,true,true
test145,2,5,1,5,true,NoError,true,true,true
test146,7,1,8,4,false,NoError,true,true,false
test147,7,6,4,5,true,InvalidModelError,true,false,false
test148,8,1,4,2,false,NoError,true,true,true
test149,3,2,1,1,true,NoError,true,false,true
test150,7,6,4,1,false,NoError,true,true,true
test151,3,8,6,0,true,NoError,true,true,false
test152,7,8,1,5,true,NoError,false,true,false
test153,7,2,7,2,true,NoError,true,true,false
test155,7,3,4,1,false,NoError,true,true,false
test156,2,5,8,2,true,WriteToPromError,true,false,true
test157,3,2,5,3,true,NoError,true,true,false
test159,3,8,4,1,false,NoError,true,true,true
test160,4,3,4,2,true,NoError,true,true,false
test161,2,7,2,5,true,NoError,true,true,false
test162,3,2,5,2,false,NoError,false,true,true
test163,2,5,3,5,false,NoError,true,true,true
test164,4,7,3,5,true,NoError,true,true,true
test165,2,7,5,4,false,NoError,true,true,true
test166,8,2,1,5,false,NoError,false,false,false
test167,3,3,5,4,true,NoError,true,true,false
test168,4,3,7,0,false,NoError,true,true,true
test169,3,1,8,5,true,NoError,true,true,false
test170,6,6,3,1,false,NoError,false,false,true
test171,4,4,2,5,false,NoError,false,false,false
test172,6,4,1,0,true,NoError,true,true,false
test173,8,3,3,0,true,GraphError,true,false,false
test174,8,3,7,4,true,NoError,true,true,false
test175,5,6,5,4,false,NoError,true,false,true
test176,8,7,4,5,true,NoError,true,false,false
test177,7,7,4,5,true,NoError,true,true,false
test178,4,6,6,4,false,NoError,false,false,true
test180,3,6,6,4,false,NoError,false,false,true
test181,7,6,8,2,false,NoError,true,true,true
test182,5,3,7,0,true,NoError,true,true,false
test183,8,1,2,2,false,NoError,true,true,true
test184,6,8,8,5,false,NoError,false,false,true
test185,7,3,4,4,true,GraphError,true,false,false
test186,4,3,8,3,false,KotlinRuntimeError,false,false,true
test187,7,7,1,4,true,NoError,true,true,true
test188,6,6,2,4,true,NoError,false,true,false
test189,6,2,6,5,false,NoError,true,false,true
test190,6,7,6,3,false,NoError,true,true,true
test191,6,7,5,0,false,NoError,true,true,true
test192,3,4,3,0,false,NoError,false,true,true
test193,7,7,5,1,false,NoError,true,true,false
test194,4,2,5,4,false,NoError,false,false,true
test195,6,3,3,5,false,NoError,false,true,true
test196,7,6,5,4,true,NoError,true,true,true
test197,5,5,3,0,true,GraphError,true,false,false
test198,8,4,7,1,true,NoError,true,true,false
test199,2,6,3,4,false,NoError,true,false,true
test200,7,2,1,0,true,NoError,false,false,false
test201,5,3,2,3,true,NoError,true,false,true
test202,4,1,7,3,true,NoError,true,true,false
test203,5,7,7,3,true,NoError,true,false,true
test204,5,1,3,5,false,NoError,true,true,false
test205,5,4,6,1,false,NoError,false,false,true
test206,4,3,8,1,true,NoError,true,true,false
test207,4,8,1,4,false,NoError,false,false,true
test208,4,4,5,5,true,NoError,false,false,false
test209,4,1,7,2,true,GraphError,true,false,false
test210,4,6,8,0,false,NoError,true,false,false
test211,5,5,4,4,false,NoError,false,true,true
test212,2,6,2,5,false,NoError,true,false,true
test214,3,1,4,4,true,NoError,true,true,false
test215,8,3,6,5,true,NoError,true,true,false
test216,2,2,4,1,true,NoError,true,true,false
test217,3,5,1,3,true,NoError,true,true,true
test218,3,3,1,2,true,NoError,true,true,true
test219,6,4,1,4,true,NoError,false,false,false
test220,6,7,8,3,true,NoError,true,true,false
test221,6,5,6,2,true,NoError,true,true,false
test222,3,7,8,3,true,NoError,true,true,true
test223,6,1,1,4,true,NoError,true,true,true
test224,8,1,2,5,true,NoError,true,true,true
test225,3,2,3,4,true,NoError,true,true,false
test226,4,1,1,5,true,NoError,false,false,true
test227,6,7,1,1,false,NoError,false,false,false
test228,6,6,7,0,true,NoError,true,false,false
test229,2,4,2,5,false,NoError,true,true,false
test230,4,7,2,2,true,NoError,true,true,true
test231,8,4,2,0,false,NoError,false,false,true
test232,8,7,7,3,true,NoError,true,true,false
test233,7,8,5,4,true,NoError,true,true,false
test234,6,3,4,2,false,NoError,true,true,true
test235,4,7,7,2,true,GraphError,true,false,true
test236,8,8,4,3,false,NoError,false,false,true
test237,3,1,7,3,false,NoError,true,true,true
test238,4,3,2,5,false,NoError,false,false,false
test239,8,3,8,4,true,GraphError,true,false,false
test240,6,1,1,0,true,NoError,true,true,false
test242,8,5,5,3,true,GraphError,true,false,true
test243,3,3,3,2,true,NoError,true,true,true
test244,3,2,7,5,false,WriteToPromError,false,false,true
test245,7,4,7,5,false,NoError,true,true,false
test246,5,5,4,3,true,NoError,false,false,false
test247,4,4,6,5,false,NoError,false,true,false
test248,2,5,8,1,true,NoError,true,true,true
test249,6,2,1,2,false,NoError,false,true,true
test250,6,5,2,3,false,NoError,true,true,true
test251,8,7,8,5,false,NoError,true,true,false
test252,8,4,2,0,true,NoError,true,false,false
test253,4,2,7,1,true,NoError,true,true,false
test254,4,8,5,5,true,NoError,true,true,false
test255,3,2,2,4,true,NoError,true,true,true
test256,4,5,3,1,false,NoError,false,false,false
test257,6,2,5,3,true,NoError,true,true,false
test259,6,2,6,4,false,NoError,false,true,true
test261,6,2,1,5,true,NoError,false,true,true
test262,5,1,2,5,false,NoError,true,true,false
test263,8,5,7,2,false,NoError,true,true,true
test264,2,4,6,0,true,NoError,true,true,false
test265,4,3,4,3,false,InvalidModelError,false,false,true
test266,7,6,8,0,false,NoError,true,true,true
test267,4,8,4,1,true,NoError,true,true,true
test268,2,1,5,4,true,NoError,false,false,true
test269,6,7,4,4,true,GraphError,true,false,true
test270,8,1,5,1,false,NoError,true,true,false
test271,4,8,3,1,true,NoError,true,true,false
test272,3,8,8,4,false,NoError,true,true,false
test273,4,6,1,3,true,NoError,true,true,true
test274,2,4,1,5,true,NoError,false,true,false
test275,6,7,6,2,true,NoError,true,true,false
test276,5,6,4,3,true,NoError,true,true,false
test277,3,1,6,1,false,NoError,true,false,false
test278,4,4,7,2,false,NoError,true,true,true
test279,8,1,8,4,true,GraphError,true,false,false
test280,2,3,6,3,true,NoError,true,true,false
test281,6,3,6,3,false,GraphError,true,false,false
test283,6,5,8,2,false,NoError,true,true,true
test284,7,5,8,2,false,InvalidModelError,true,false,true
test285,4,5,7,2,true,NoError,true,true,false
test286,2,2,7,4,true,NoError,true,true,false
test287,5,1,6,3,false,NoError,false,false,true
test288,8,7,4,1,false,NoError,true,true,false
test289,2,4,7,3,false,NoError,true,true,true
test290,4,2,1,3,true,NoError,false,false,true
test291,3,1,2,2,false,NoError,false,true,true
test292,7,3,7,1,true,NoError,false,false,false
test293,5,5,8,1,true,NoError,true,true,false
test294,3,5,8,2,false,NoError,true,false,true
test295,4,5,5,5,false,NoError,true,true,true
test296,7,5,7,3,false,NoError,true,true,false
test297,7,7,8,4,true,GraphError,true,false,false
test298,8,8,6,3,false,NoError,false,true,true
test299,6,1,4,5,true,NoError,true,true,false
test300,5,4,1,1,true,NoError,true,true,false
test301,8,3,8,0,false,NoError,true,true,false
test302,3,5,5,2,false,NoError,true,false,true
test303,6,2,8,3,false,NoError,true,true,true
test304,4,7,1,0,true,KotlinCompileError,false,false,true
test305,8,7,8,3,true,NoError,true,true,false
test306,3,6,4,2,false,NoError,false,true,true
test307,6,4,7,0,false,NoError,true,true,false
test308,6,3,7,2,true,NoError,true,true,false
test309,2,2,8,3,false,NoError,true,false,false
test310,7,8,2,1,false,KotlinCompileError,false,false,true
test311,6,3,4,3,true,NoError,true,true,false
test312,2,1,4,1,true,NoError,true,true,false
test313,8,6,7,3,true,NoError,true,false,true
test314,3,4,2,5,false,NoError,false,false,false
test315,7,2,2,2,false,NoError,false,false,true
test316,8,3,4,1,true,NoError,true,false,false
test317,3,5,1,3,false,NoError,false,false,true
test318,7,1,8,5,true,KotlinCompileError,false,false,false
test319,3,3,4,4,false,KotlinRuntimeError,false,false,false
test320,8,5,2,0,false,NoError,false,true,true
test321,7,1,4,3,true,NoError,false,false,false
test322,6,7,1,0,true,NoError,true,true,false
test323,2,7,5,0,false,NoError,true,false,true
test324,6,5,7,3,true,KotlinCompileError,false,false,false
test325,6,2,5,3,false,NoError,false,false,true
test326,6,6,7,3,true,GraphError,true,false,true
test327,3,1,4,5,false,NoError,false,false,true
test328,6,3,6,2,false,NoError,false,false,true
test329,3,4,6,4,false,NoError,true,false,true
test330,2,1,5,4,true,NoError,true,true,false
test331,3,8,2,0,true,NoError,true,true,false
test332,5,6,6,4,true,NoError,true,true,true
test333,8,7,6,3,false,NoError,false,false,true
test334,3,3,6,2,true,KotlinCompileError,false,false,true
test335,8,2,1,3,true,NoError,true,true,false
test336,3,5,8,0,true,NoError,true,true,false
test337,3,8,1,1,false,NoError,false,true,true
test338,3,8,4,4,false,NoError,false,false,true
test339,2,8,5,1,false,NoError,false,false,false
test340,3,8,5,1,true,NoError,false,false,false
test341,5,7,7,3,false,NoError,true,true,true
test342,3,5,2,1,false,NoError,false,true,true
test343,5,2,4,5,true,NoError,false,true,false
test344,7,2,8,2,false,NoError,true,true,true
test345,4,1,3,3,true,NoError,true,true,false
test346,3,3,2,4,false,NoError,false,false,true
test347,6,7,2,5,false,NoError,false,false,true
test348,3,8,6,4,false,NoError,true,true,true
test349,2,3,7,1,true,NoError,true,true,false
test350,3,3,5,0,true,NoError,true,true,false
test351,6,7,5,2,true,NoError,false,false,true
test352,2,6,6,1,false,NoError,false,false,true
test353,5,5,6,1,false,KotlinCompileError,false,false,true
test354,8,4,5,1,true,NoError,true,false,false
test355,3,3,6,3,true,NoError,true,true,false
test356,6,7,4,0,true,NoError,true,true,false
test357,8,4,7,4,true,GraphError,true,false,false
test358,3,4,1,0,false,KotlinRuntimeError,false,false,true
test359,4,7,8,3,false,NoError,true,false,true
test360,8,3,2,5,true,NoError,true,true,false
test361,2,1,3,3,false,NoError,true,false,true
test362,5,8,7,0,false,NoError,true,true,true
test363,8,1,5,4,false,KotlinCompileError,false,false,false
test364,7,8,2,3,false,KotlinCompileError,false,false,true
test365,3,8,2,3,false,NoError,true,true,true
test366,3,3,3,5,false,NoError,false,true,true
test367,3,2,1,5,false,NoError,true,true,true
test368,6,3,5,3,false,NoError,false,true,true
test369,2,6,2,4,false,NoError,false,true,true
test370,8,4,2,0,true,NoError,true,true,false
test371,5,5,5,3,false,NoError,true,false,true
test372,4,4,6,4,true,GraphError,true,false,false
test373,2,3,2,3,false,NoError,true,true,true
test374,2,7,1,2,false,NoError,true,true,true
test375,6,4,6,1,true,NoError,true,true,true
test376,4,8,4,5,true,NoError,true,true,false
test377,6,5,5,2,false,KotlinCompileError,false,false,true
test378,6,6,8,1,true,NoError,true,true,false
test379,5,8,4,5,true,KotlinCompileError,false,false,true
test380,5,1,2,3,false,KotlinCompileError,false,false,true
test381,2,5,3,3,false,NoError,false,true,true
test382,3,5,6,5,false,KotlinCompileError,false,false,true
test383,6,6,6,4,true,NoError,true,true,false
test384,8,4,5,3,true,NoError,true,true,true
test385,7,6,6,1,false,NoError,true,true,false
test386,5,1,3,1,true,NoError,true,true,false
test387,4,1,3,1,false,NoError,true,false,true
test388,3,2,3,0,true,NoError,true,true,false
test389,5,6,5,1,true,NoError,false,false,false
test390,3,7,6,2,false,KotlinCompileError,false,false,true
test391,5,4,2,3,true,NoError,false,false,true
test392,7,4,1,2,true,GraphError,false,false,false
test393,5,1,3,2,false,NoError,false,true,true
test394,6,8,7,3,false,KotlinCompileError,false,false,true
test395,6,5,6,4,false,GraphError,true,false,true
test396,4,2,2,1,true,NoError,true,true,false
test397,7,2,3,1,true,NoError,true,true,false
test398,8,3,1,2,false,NoError,false,false,true
test399,7,4,5,2,false,KotlinRuntimeError,false,false,true
test400,7,6,3,0,true,NoError,true,true,true
test401,7,7,3,0,false,NoError,false,false,true
test402,4,3,7,1,false,InvalidModelError,true,false,true
test403,2,3,8,1,false,KotlinCompileError,false,false,true
test404,6,1,2,2,true,KotlinCompileError,false,false,true
test405,8,4,1,1,false,NoError,false,false,false
test406,6,1,2,1,true,NoError,true,true,false
test407,3,2,5,2,true,NoError,true,true,false
test408,5,3,6,3,false,NoError,false,true,false
test409,2,6,5,0,false,KotlinCompileError,false,false,false
test410,4,7,4,5,true,KotlinCompileError,false,false,false
test411,5,6,5,5,false,NoError,true,true,true
test412,7,2,5,5,false,NoError,true,true,true
test413,8,4,1,1,true,NoError,true,true,false
test414,3,3,5,3,false,NoError,false,true,false
test415,2,4,4,0,true,NoError,true,true,false
test416,2,4,5,4,true,NoError,true,true,true
test417,3,5,1,5,false,KotlinCompileError,false,false,true
test418,6,4,3,0,false,NoError,true,true,true
test419,5,4,4,1,false,NoError,true,true,true
test420,5,1,7,5,false,NoError,true,true,false
test421,3,8,8,3,false,NoError,true,true,false
test422,3,8,7,2,true,NoError,true,true,true
test423,8,3,4,0,false,GraphError,true,false,true
test424,6,1,6,3,true,NoError,true,true,false
test425,3,3,7,1,true,NoError,true,true,false
test426,3,2,6,3,false,NoError,false,false,true
test427,4,1,5,5,true,NoError,true,true,false
test428,2,1,3,2,true,NoError,false,false,true
test429,4,4,5,4,false,NoError,true,true,false
test430,6,6,6,5,true,NoError,true,true,false
test431,5,1,2,0,false,GraphError,false,false,true
test432,3,1,8,3,false,NoError,true,false,true
test433,3,6,1,0,false,KotlinRuntimeError,false,false,true
test434,4,8,7,1,false,NoError,true,true,false
test435,4,2,1,5,false,NoError,false,false,true
test436,5,8,3,3,false,NoError,true,true,true
test437,8,3,1,3,true,NoError,true,true,true
test438,4,6,3,1,false,NoError,false,false,true
test439,4,3,1,1,false,NoError,false,true,true
test440,5,8,4,1,true,NoError,true,true,true
test441,8,5,7,5,false,KotlinCompileError,false,false,false
test442,7,7,1,4,true,NoError,true,true,true
test443,6,6,4,4,true,NoError,true,true,false
test444,6,7,2,1,false,KotlinCompileError,false,false,true
test445,8,2,1,4,false,NoError,false,false,true
test446,7,8,8,1,false,NoError,false,false,false
test447,4,4,1,3,true,NoError,false,true,false
test448,4,4,2,1,false,NoError,false,false,false
test449,7,7,1,3,false,NoError,true,true,true
test450,3,3,6,0,true,NoError,true,true,false
test451,4,7,3,2,false,NoError,true,true,true
test452,2,5,8,0,false,NoError,true,true,false
test453,6,7,2,4,true,NoError,false,false,false
test454,8,7,3,0,true,NoError,false,true,false
test455,7,5,5,4,true,NoError,true,false,false
test456,4,7,1,0,true,NoError,false,false,false
test457,5,5,1,2,false,NoError,true,false,true
test458,8,2,5,5,true,KotlinCompileError,false,false,false
test459,5,1,1,5,false,NoError,false,false,false
test460,6,5,2,3,true,InvalidModelError,true,false,true
test461,7,6,4,2,true,NoError,true,true,true
test462,6,5,8,0,false,NoError,true,true,true
test463,6,5,7,4,false,NoError,true,true,false
test464,4,1,8,1,false,NoError,true,false,false
test465,8,7,4,3,true,NoError,true,false,true
test466,2,5,3,0,false,NoError,false,true,true
test467,2,2,7,1,false,NoError,false,false,false
test468,2,3,4,5,false,NoError,true,true,false
test469,4,4,3,4,false,KotlinCompileError,false,false,true
test470,3,3,8,1,true,KotlinCompileError,false,false,false
test471,6,1,3,5,false,KotlinRuntimeError,false,false,true
test472,4,8,2,1,true,NoError,true,true,false
test473,7,2,5,5,false,KotlinCompileError,false,false,false
test474,8,7,4,4,false,NoError,true,true,false
test475,5,3,3,4,false,GraphError,false,false,true
test476,5,2,8,3,false,KotlinCompileError,false,false,false
test477,7,8,3,0,true,NoError,true,true,false
test478,8,4,6,2,true,NoError,true,true,false
test479,3,3,2,0,false,NoError,false,false,false
test480,2,5,7,3,true,NoError,true,true,false
test481,7,3,7,5,false,NoError,true,true,false
test482,3,3,7,1,true,NoError,false,false,false
test483,6,4,8,0,true,NoError,true,true,false
test484,4,7,6,3,false,NoError,true,true,true
test485,8,6,3,3,false,NoError,true,true,true
test486,7,8,6,1,false,NoError,true,true,true
test487,2,6,6,1,false,NoError,false,true,true
test488,3,1,7,2,true,NoError,true,true,false
test489,8,1,1,2,true,NoError,true,true,false
test500,3,3,4,2,false,NoError,true,true,false
test501,2,5,5,2,false,NoError,false,false,false
test502,5,2,2,3,true,NoError,true,true,true
test503,4,5,5,0,false,GraphError,false,false,false
test504,4,1,3,0,true,GraphError,false,false,false
test505,4,2,3,3,true,NoError,true,true,false
test506,5,3,2,1,false,NoError,true,true,false
test507,4,1,5,2,false,KotlinRuntimeError,false,false,true
test508,2,5,2,3,true,NoError,true,true,false
test509,5,1,2,2,false,NoError,true,true,true
test510,1,2,2,0,false,NoError,false,false,true
test511,2,3,1,3,false,NoError,true,true,true
test512,1,2,1,0,true,NoError,true,true,false
test513,4,5,2,3,true,NoError,true,true,true
test514,5,2,2,2,false,NoError,true,true,true
test515,3,4,1,0,false,NoError,false,true,true
test516,2,1,4,3,false,WriteToPromError,true,false,false
test517,2,3,1,2,true,NoError,false,false,false
test518,4,5,5,1,false,NoError,false,true,true
test519,2,3,4,0,true,NoError,true,true,false
test520,2,1,2,1,true,NoError,true,true,false
test521,5,3,1,0,false,NoError,true,true,true
test522,3,2,4,0,true,GraphError,true,false,false
test523,1,2,4,3,false,NoError,false,false,true
test524,5,3,4,3,false,NoError,false,false,false
test525,3,5,2,2,false,KotlinCompileError,false,false,true
test526,1,4,4,2,true,NoError,true,true,false
test527,3,3,5,1,false,NoError,true,false,false
test528,1,4,1,2,false,NoError,false,false,false
test529,3,4,3,0,false,NoError,false,false,false
test530,2,5,4,2,false,NoError,false,true,true
test531,4,1,3,3,false,NoError,true,true,false
test532,4,5,1,0,true,NoError,true,true,false
test533,2,1,4,0,true,NoError,true,true,false
test534,2,3,1,3,false,NoError,false,false,true
test535,5,4,4,2,true,NoError,true,true,true
test536,3,4,1,3,true,KotlinCompileError,false,false,false
test537,4,4,3,1,false,NoError,true,true,true
test538,4,5,5,1,false,NoError,true,true,false
test539,3,4,1,1,false,KotlinRuntimeError,false,false,true
test540,5,4,1,1,false,NoError,false,false,false
test541,1,3,2,2,true,NoError,false,false,true
test542,3,3,2,2,true,NoError,false,false,true
test543,1,1,3,1,false,NoError,false,false,false
test544,1,5,3,2,true,NoError,true,true,true
test545,3,1,1,1,true,NoError,true,true,false
test546,3,2,2,0,true,NoError,false,false,false
test547,2,1,5,3,true,NoError,true,true,false
test548,3,2,4,1,false,NoError,false,false,false
test549,4,2,4,1,false,NoError,false,false,false
test550,2,4,5,3,false,NoError,true,true,true
test551,1,4,2,0,false,KotlinRuntimeError,false,false,true
test552,3,5,4,1,true,NoError,true,true,false
test553,4,4,4,0,false,NoError,false,true,true
test554,5,2,1,0,true,NoError,false,true,false
test555,2,1,5,0,true,NoError,true,true,false
test556,2,5,4,1,true,NoError,true,true,false
test557,5,3,5,1,true,NoError,true,true,false
test558,5,3,4,1,true,NoError,true,true,false
test559,1,3,5,2,true,NoError,true,true,false
test560,5,1,1,1,false,NoError,true,false,true
test561,5,4,3,1,false,NoError,true,true,true
test562,1,3,2,3,false,NoError,false,true,true
test563,4,4,1,2,true,NoError,false,false,false
test564,3,1,4,1,true,NoError,true,true,false
test565,2,2,1,3,true,NoError,false,false,false
test566,1,1,2,2,true,NoError,false,false,false
test567,4,1,5,3,true,NoError,true,true,true
test568,2,2,2,3,false,NoError,false,false,false
test569,4,4,4,0,true,NoError,true,true,false
test570,3,3,2,1,true,NoError,true,true,false
test571,2,3,5,3,false,KotlinCompileError,false,false,true
test572,5,2,5,3,false,KotlinCompileError,false,false,true
test573,2,5,4,1,false,NoError,false,true,true
test574,3,5,2,2,true,NoError,true,true,true
test575,2,2,1,2,false,NoError,false,false,false
test576,2,2,1,0,true,NoError,true,false,false
test577,4,3,5,2,true,NoError,true,true,true
test578,3,1,2,0,false,NoError,false,true,true
test579,4,5,4,1,true,KotlinCompileError,false,false,false
test580,5,4,2,3,false,NoError,false,true,true
test581,4,5,2,2,true,NoError,true,false,true
test582,4,5,4,0,true,GraphError,true,false,false
test583,1,2,1,1,true,NoError,false,false,false
test584,5,3,1,1,false,NoError,false,false,true
test585,4,3,1,1,true,NoError,true,true,false
test586,5,2,5,1,true,NoError,true,true,false
test587,2,1,2,2,false,NoError,false,true,true
test588,2,3,2,2,false,NoError,false,true,true
test589,2,2,5,3,true,NoError,true,true,false
test590,4,3,1,2,false,NoError,false,false,true
test591,5,2,5,0,false,NoError,true,true,true
test592,5,4,5,3,false,NoError,false,false,true
test593,5,5,1,2,true,NoError,true,true,false
test594,1,4,1,2,false,KotlinCompileError,false,false,true
test595,4,4,3,0,true,NoError,true,true,false
test596,5,4,4,1,true,NoError,true,true,false
test597,4,2,3,0,true,NoError,true,true,false
test598,4,3,1,2,true,NoError,true,true,true
test599,2,2,5,1,false,NoError,false,false,false
test600,1,4,4,0,false,NoError,false,true,true
test601,4,4,1,1,false,NoError,true,true,false
test602,3,2,2,0,false,NoError,false,true,true
test603,1,1,5,2,true,NoError,true,true,false
test604,1,4,1,1,false,KotlinRuntimeError,false,false,true
test605,1,5,4,2,false,KotlinCompileError,false,false,true
test606,3,3,3,2,false,NoError,false,false,true
test607,3,2,1,3,true,NoError,true,true,true
test608,4,5,1,2,true,NoError,true,true,true
test609,5,1,2,3,true,KotlinCompileError,false,false,false
test610,2,5,4,1,false,NoError,true,true,true
test611,3,5,2,0,true,NoError,true,true,true
test612,5,3,3,2,true,NoError,true,true,false
test613,3,2,4,1,true,NoError,true,true,false
test614,1,4,4,3,true,NoError,true,true,false
test615,5,2,5,0,false,NoError,false,true,true
test616,1,3,5,0,false,NoError,false,false,false
test617,2,1,4,3,false,NoError,true,true,false
test618,2,1,1,1,false,NoError,false,false,false
test619,4,4,1,0,false,NoError,false,false,false
test620,4,3,5,2,false,NoError,true,false,true
test621,4,2,1,1,true,NoError,false,false,false
test622,1,5,5,1,false,NoError,true,true,false
test623,5,1,1,3,true,NoError,true,true,false
test624,4,2,2,2,true,NoError,true,false,true
test625,2,5,5,2,true,NoError,true,true,true
test626,3,2,3,1,true,NoError,true,true,false
test627,1,2,5,3,false,NoError,false,true,true
test628,5,5,2,0,true,NoError,true,true,false
test629,3,5,5,2,false,NoError,false,true,false
test630,5,2,5,2,false,NoError,false,false,true
test631,5,5,3,3,true,NoError,true,true,false
test632,4,2,4,0,true,GraphError,true,false,false
test633,2,4,3,0,true,NoError,true,true,false
test634,1,2,5,0,true,NoError,true,false,false
test635,2,4,1,0,false,NoError,false,false,true
test636,2,2,2,3,false,NoError,false,false,false
test637,4,2,5,2,true,NoError,true,true,false
test638,1,2,4,1,false,NoError,false,false,true
test639,5,5,4,0,true,GraphError,true,false,false
test640,1,1,3,1,false,KotlinCompileError,false,false,false
test641,1,1,4,1,false,WriteToPromError,true,false,false
test642,3,2,4,2,true,NoError,true,true,false
test643,3,3,2,1,false,NoError,false,false,true
test644,2,3,4,0,true,GraphError,true,false,false
test645,4,4,3,1,true,NoError,true,true,false
test646,1,4,4,3,false,NoError,true,true,true
test647,5,3,3,1,true,NoError,true,true,false
test648,2,3,4,2,true,NoError,false,false,true
test649,3,3,3,2,false,NoError,false,true,true
test650,1,3,2,0,true,NoError,true,true,false
test651,5,3,5,2,false,NoError,false,true,true
test652,3,3,2,2,true,NoError,true,true,false
test653,2,2,2,0,false,NoError,false,true,true
test654,5,1,5,0,true,NoError,true,true,false
test655,4,5,1,3,false,NoError,false,true,false
test656,3,1,4,0,true,NoError,true,true,false
test657,2,5,3,3,false,KotlinCompileError,false,false,true
test658,5,1,1,0,false,NoError,false,true,true
test659,5,2,1,1,true,NoError,true,false,false
test660,5,1,2,0,true,NoError,true,true,false
test661,3,4,2,1,true,NoError,true,true,false
test662,2,1,4,1,false,NoError,false,false,false
test663,1,3,5,2,false,KotlinCompileError,false,false,true
test664,4,1,4,3,false,NoError,false,false,false
test665,2,5,5,3,false,NoError,true,true,true
test666,2,2,2,2,false,NoError,false,true,true
test667,5,3,1,2,true,NoError,true,false,true
test668,5,5,3,0,false,NoError,false,true,true
test669,4,2,4,3,false,NoError,false,false,true
test670,2,5,4,3,true,NoError,false,false,false
test671,1,3,2,3,false,NoError,false,false,false
test672,3,5,1,1,true,NoError,true,true,false
test673,5,5,5,2,false,KotlinCompileError,false,false,false
test674,4,1,4,3,false,NoError,true,true,true
test675,3,2,4,3,true,NoError,true,true,false
test676,2,4,5,2,false,NoError,false,false,true
test677,2,2,5,1,true,NoError,true,true,false
test678,5,5,1,1,true,NoError,true,true,false
test679,1,3,5,3,true,NoError,true,true,false
test680,2,3,5,3,true,NoError,true,true,true
test681,4,1,3,3,true,NoError,true,true,false
test682,5,2,1,1,true,NoError,true,true,false
test683,2,1,1,2,false,NoError,false,true,true
test684,1,2,2,2,false,NoError,true,true,true
test685,4,3,1,0,true,GraphError,true,false,false
test686,5,3,5,3,false,NoError,false,false,false
test687,2,1,3,2,false,NoError,false,true,true
test688,4,1,2,2,false,NoError,true,true,false
test689,1,2,3,2,false,NoError,true,true,true
test690,4,1,2,3,true,NoError,true,true,false
test691,5,5,5,1,true,NoError,false,false,false
test692,3,3,2,1,true,NoError,true,true,false
test693,5,2,2,0,false,NoError,false,false,true
test694,3,2,3,1,true,NoError,true,true,false
test695,4,4,4,3,false,NoError,true,false,true
test696,5,4,2,0,true,NoError,false,false,true
test697,5,4,4,3,true,KotlinCompileError,false,false,false
test698,3,3,3,1,false,NoError,true,false,false
test699,5,1,1,2,true,NoError,false,false,true
test700,3,3,4,3,false,NoError,false,true,true
test701,5,1,3,3,false,NoError,false,true,true
test702,3,5,3,3,true,KotlinCompileError,false,false,false
test703,1,5,4,0,true,KotlinCompileError,false,false,false
test704,1,3,5,0,true,NoError,true,true,false
test705,2,3,2,3,true,NoError,false,false,false
test706,3,2,1,2,false,NoError,false,true,true
test707,2,3,4,0,true,NoError,false,false,false
test708,4,1,3,1,true,NoError,true,true,false
test709,5,2,3,0,false,NoError,true,true,true
test710,1,4,1,0,true,NoError,true,true,false
test711,4,4,5,3,true,KotlinCompileError,false,false,false
test712,2,5,1,3,true,NoError,false,false,false
test713,3,3,4,2,false,NoError,true,true,true
test714,5,4,3,3,false,NoError,false,false,false
test715,1,2,1,1,false,NoError,false,false,false
test716,3,1,2,2,true,NoError,true,true,false
test717,4,1,1,2,false,NoError,false,false,false
test718,5,1,5,0,true,NoError,true,false,false
test719,2,5,4,0,false,NoError,false,true,true
test720,4,4,3,1,true,NoError,true,true,false
test721,3,1,2,3,true,NoError,true,true,true
test722,3,5,5,2,true,NoError,true,true,false
test723,3,5,5,0,false,NoError,true,true,true
test724,4,3,3,1,false,NoError,false,false,true
test725,2,4,5,2,true,NoError,true,true,false
test726,1,1,3,0,false,NoError,true,true,false
test727,3,1,4,3,true,NoError,false,false,false
test728,3,5,4,3,false,NoError,false,false,true
test729,1,1,1,1,true,NoError,false,false,false
test730,4,2,4,2,false,NoError,true,true,true
test731,5,5,4,2,false,KotlinCompileError,false,false,true
test732,1,5,5,0,false,NoError,true,true,false
test733,5,5,4,2,true,NoError,true,true,false
test734,1,3,2,2,false,NoError,true,true,true
test735,4,4,3,3,false,InvalidModelError,true,false,true
test736,4,4,2,0,false,NoError,false,true,true
test737,5,4,1,0,true,GraphError,false,false,false
test738,1,5,1,1,true,NoError,true,true,false
test739,5,5,1,0,true,KotlinCompileError,false,false,false
test740,2,4,1,2,false,NoError,false,true,true
test741,2,2,4,0,true,NoError,true,true,false
test742,3,4,4,1,true,NoError,true,true,false
test743,3,2,1,0,true,NoError,false,false,false
test744,5,2,3,0,false,NoError,false,true,false
test745,5,1,3,1,false,InvalidModelError,false,false,true
test746,4,5,5,0,false,NoError,false,true,false
test747,4,3,5,3,true,GraphError,true,false,false
test748,1,1,4,0,false,NoError,true,true,true
test749,2,2,1,3,true,NoError,false,false,true
test750,3,3,5,1,false,KotlinCompileError,false,false,false
test751,1,4,5,0,true,NoError,true,true,false
test752,3,4,5,0,true,NoError,true,true,false
test753,1,4,1,3,true,NoError,false,false,true
test754,4,5,5,0,false,NoError,true,true,false
test755,1,3,2,2,false,NoError,false,false,true
test756,2,1,3,1,true,NoError,false,false,false
test757,5,2,4,1,false,NoError,false,false,true
test758,4,1,4,3,true,NoError,true,true,false
test759,1,2,3,0,true,NoError,true,true,false
test760,3,4,2,1,false,NoError,true,false,true
test761,4,1,5,3,true,NoError,true,true,false
test762,5,2,3,0,true,NoError,true,true,false
test763,2,5,1,1,false,NoError,false,false,true
test764,4,2,5,3,true,NoError,true,true,false
test765,3,3,4,0,false,NoError,false,true,true
test766,3,3,4,0,true,NoError,true,true,false
test767,3,3,5,1,true,NoError,true,true,false
test768,4,1,2,3,false,NoError,false,true,true
test769,5,1,4,2,true,NoError,false,false,false
test770,3,5,3,0,false,NoError,false,false,false
test771,3,1,2,3,true,NoError,true,true,false
test772,4,3,5,2,true,NoError,true,true,false
test773,3,4,1,1,false,NoError,false,false,true
test774,5,3,1,0,false,NoError,false,true,true
test775,4,5,3,3,true,NoError,false,false,true
test776,2,4,3,1,true,NoError,false,false,false
test777,1,5,4,0,true,KotlinCompileError,false,false,false
test778,3,4,4,2,false,NoError,false,false,true
test779,4,5,1,0,false,NoError,true,true,true
test780,3,4,2,0,false,NoError,false,true,true
test781,5,1,3,0,false,NoError,false,true,true
test782,4,2,2,1,true,NoError,true,true,false
test783,1,5,2,2,false,NoError,false,true,false
test784,1,4,5,3,false,NoError,false,false,true
test785,3,1,4,0,false,NoError,false,true,true
test786,1,3,3,0,false,NoError,false,false,true
test787,5,5,4,1,false,NoError,true,true,false
test788,3,5,5,0,true,NoError,true,true,false
test789,5,5,4,1,true,NoError,true,true,false
test790,5,4,4,3,true,NoError,true,true,false
test791,1,4,4,1,true,NoError,true,true,false
test792,5,2,2,2,false,NoError,true,true,false
test793,1,2,2,0,true,NoError,true,true,false
test794,1,4,2,3,true,NoError,true,true,false
test795,1,2,4,2,true,NoError,false,false,false
test796,2,3,5,0,false,NoError,true,true,true
test797,1,4,4,0,true,NoError,true,true,false
test798,3,4,4,2,true,NoError,true,true,true
test799,3,5,2,1,false,NoError,true,true,true
test800,5,5,5,0,false,NoError,true,true,true
test801,2,4,4,1,true,NoError,true,true,false
test802,1,3,1,0,true,NoError,true,true,false
test803,3,1,4,0,false,NoError,true,true,true
test804,2,4,3,2,false,NoError,false,false,true
test805,3,2,5,1,false,NoError,true,true,false
test806,4,4,5,1,true,NoError,true,true,false
test807,5,1,5,3,false,KotlinCompileError,false,false,true
test808,2,1,5,1,false,NoError,true,true,false
test809,1,2,4,2,false,NoError,false,false,false
test810,2,5,3,2,false,KotlinRuntimeError,false,false,true
test811,1,3,3,1,true,NoError,true,true,false
test812,3,2,2,3,false,NoError,false,true,true
test813,5,4,1,3,true,NoError,true,true,false
test814,5,2,5,0,false,NoError,true,false,false
test815,4,2,2,0,false,NoError,false,false,true
test816,1,4,5,1,false,KotlinCompileError,false,false,false
test817,2,1,4,1,false,NoError,false,false,false
test818,5,4,1,0,false,NoError,false,true,true
test819,2,3,5,2,true,NoError,true,true,true
test820,1,2,3,2,false,NoError,false,false,true
test821,1,2,4,3,false,NoError,false,false,false
test822,3,5,2,3,true,NoError,true,true,true
test823,4,3,3,3,true,KotlinRuntimeError,false,false,false
test824,3,4,3,0,true,NoError,true,true,false
test825,4,4,2,1,true,NoError,false,false,false
test826,4,1,5,3,true,NoError,true,true,false
test827,3,4,3,0,true,NoError,true,true,false
test828,1,1,3,0,false,NoError,false,false,false
test829,5,1,2,2,false,NoError,true,false,true
test830,1,5,1,3,true,KotlinCompileError,false,false,false
test831,4,1,3,1,true,NoError,true,true,false
test832,5,1,2,1,true,NoError,true,true,false
test833,1,4,5,3,false,NoError,true,true,true
test834,1,2,5,0,false,GraphError,true,false,true
test835,1,2,1,2,true,NoError,false,false,true
test836,1,4,3,3,false,NoError,false,true,true
test837,3,3,2,1,false,NoError,false,true,true
test838,5,1,5,1,false,NoError,true,true,false
test839,4,3,5,2,false,NoError,true,true,true
test840,5,2,4,2,true,NoError,true,true,true
test841,2,1,3,1,true,NoError,false,false,false
test842,3,5,4,2,true,NoError,true,true,false
test843,3,1,1,3,false,NoError,false,true,true
test844,4,3,2,1,false,NoError,false,true,true
test845,2,1,5,3,false,NoError,true,true,false
test846,1,5,4,2,true,NoError,true,true,true
test847,1,1,3,3,false,NoError,true,true,true
test848,5,2,3,0,true,NoError,true,true,false
test849,4,2,3,0,false,NoError,true,true,true
test850,2,2,2,2,false,NoError,false,true,true
test851,3,2,3,0,false,NoError,true,true,true
test852,2,1,5,2,true,InvalidModelError,true,false,true
test853,3,2,2,1,false,NoError,false,false,false
test854,5,3,2,2,false,NoError,true,true,false
test855,1,4,2,0,false,NoError,true,true,false
test856,1,3,4,3,true,NoError,true,true,true
test857,5,1,5,3,false,GraphError,false,false,false
test858,2,3,2,2,false,NoError,false,true,true
test859,4,5,5,3,false,NoError,true,true,true
test860,4,5,2,3,true,NoError,true,true,true
test861,2,1,1,2,false,NoError,false,true,true
test862,1,4,3,0,true,NoError,true,true,false
test863,1,2,2,2,true,NoError,true,false,true
test864,5,2,1,1,true,NoError,true,true,true
test865,5,3,4,3,true,NoError,true,false,true
test866,2,4,2,1,true,NoError,true,true,false
test867,4,1,1,1,false,NoError,false,false,false
test868,5,4,5,3,false,KotlinCompileError,false,false,true
test869,4,4,5,3,false,NoError,true,true,false
test870,5,4,1,3,true,NoError,true,false,false
test871,4,2,1,2,true,NoError,true,true,true
test872,2,1,2,1,false,NoError,false,false,false
test873,4,1,5,0,true,NoError,true,true,true
test874,4,1,5,1,false,NoError,false,false,true
test875,3,2,3,3,false,NoError,false,false,true
test876,3,5,4,3,true,NoError,true,true,false
test877,3,4,4,1,true,NoError,true,true,false
test878,3,5,5,2,true,NoError,true,true,false
test879,5,1,3,2,false,InvalidModelError,false,false,true
test880,5,2,3,2,false,InvalidModelError,false,false,true
test881,4,5,3,2,true,NoError,true,true,false
test882,5,4,2,2,false,NoError,false,false,true
test883,5,4,4,3,true,InvalidModelError,true,false,true
test884,5,2,3,0,false,KotlinCompileError,false,false,true
test885,2,4,1,1,false,KotlinRuntimeError,false,false,true
test886,5,5,5,1,true,NoError,true,true,false
test887,5,2,1,1,true,NoError,true,true,false
test888,2,5,5,2,true,NoError,false,false,false
test889,5,3,4,0,true,GraphError,true,false,false
test890,5,5,2,3,true,NoError,true,true,false
test891,4,5,5,3,true,NoError,true,true,true
test892,1,2,1,0,false,NoError,false,true,true
test893,4,5,3,2,true,NoError,true,true,false
test894,5,2,2,0,false,NoError,true,true,true
test895,3,4,4,0,true,NoError,true,true,true
test896,3,2,1,1,false,NoError,false,true,true
test897,2,1,1,0,false,NoError,false,false,true
test898,4,4,2,1,true,NoError,true,true,false
test899,5,2,4,3,true,NoError,true,false,false
test900,4,2,3,1,true,KotlinCompileError,false,false,false
test901,3,1,2,1,true,NoError,true,true,false
test902,1,2,5,3,false,NoError,false,true,true
test903,2,5,2,0,false,NoError,false,false,true
test904,5,3,4,2,true,NoError,true,true,false
test905,2,3,5,2,false,NoError,false,true,true
test906,1,5,2,3,true,NoError,true,false,true
test907,5,4,4,1,false,NoError,true,true,false
test908,4,1,3,0,false,KotlinCompileError,false,false,false
test909,1,3,1,1,true,NoError,true,true,false
test910,3,4,3,2,true,NoError,false,false,false
test911,1,2,1,2,true,NoError,false,false,false
test912,4,3,4,3,true,NoError,true,true,false
test913,1,5,1,3,true,NoError,true,true,true
test914,5,5,3,1,true,NoError,true,true,false
test915,5,5,1,2,false,NoError,true,true,true
test916,1,2,2,2,false,NoError,false,false,true
test917,1,5,1,1,false,NoError,false,false,false
test918,1,5,4,3,true,KotlinCompileError,false,false,false
test919,3,4,5,0,true,NoError,true,true,false
test920,1,5,1,3,true,NoError,true,false,true
test921,5,2,1,1,true,NoError,false,false,false
test922,4,1,4,3,true,NoError,true,true,false
test923,3,3,2,1,false,NoError,false,false,true
test924,4,3,5,3,false,NoError,true,true,true
test925,1,2,4,1,false,NoError,false,true,true
test926,2,1,1,0,true,NoError,true,true,false
test927,5,4,5,2,true,NoError,true,true,false
test928,4,5,1,1,true,KotlinCompileError,false,false,true
test929,2,2,2,2,true,NoError,false,false,true
test930,2,4,5,2,true,GraphError,true,false,false
test931,4,5,1,0,false,NoError,false,true,true
test932,4,2,2,3,false,NoError,true,true,true
test933,5,5,2,1,false,NoError,true,true,true
test934,5,2,2,3,false,NoError,false,false,false
test935,4,1,3,1,false,NoError,true,true,true
test936,5,4,3,2,true,NoError,true,true,false
test937,4,4,1,2,true,NoError,true,true,true
test938,1,5,2,3,false,NoError,true,true,true
test939,1,4,3,2,false,NoError,false,false,true
test940,4,4,4,2,true,NoError,true,true,false
test941,5,4,5,0,false,NoError,true,true,true
test942,3,4,3,3,false,NoError,false,true,true
test943,4,3,2,0,true,NoError,true,true,false
test944,4,4,2,0,true,NoError,false,false,false
test945,3,4,3,3,false,NoError,false,true,true
test946,3,2,4,2,true,NoError,true,true,false
test947,4,1,1,2,false,KotlinRuntimeError,false,false,true
test948,1,3,3,1,true,NoError,true,true,false
test949,4,5,5,3,false,GraphError,true,false,true
test950,3,2,5,0,true,NoError,true,true,true
test951,4,2,1,2,false,NoError,false,false,true
test952,5,4,1,2,true,NoError,false,false,false
test953,5,2,1,0,false,NoError,false,true,true
test954,5,3,5,0,true,NoError,true,true,false
test955,4,2,4,2,true,NoError,true,true,false
test956,2,1,5,0,true,NoError,true,true,false
test957,1,4,4,2,false,NoError,false,true,true
test958,3,3,2,3,true,NoError,false,false,false
test959,2,3,3,3,false,NoError,true,false,true
test960,3,4,3,0,true,NoError,true,true,false
test961,3,1,4,2,true,NoError,false,true,false
test962,4,3,2,1,true,NoError,true,false,false
test963,2,1,4,0,false,NoError,false,true,true
test964,3,4,3,1,false,NoError,true,true,false
test965,4,4,5,0,true,GraphError,true,false,false
test966,3,3,5,2,true,NoError,true,false,true
test967,5,2,3,1,true,NoError,true,true,false
test968,1,3,3,2,false,NoError,true,true,true
test969,1,2,4,3,false,KotlinCompileError,false,false,true
test970,3,2,1,2,true,NoError,true,false,true
test971,4,2,4,0,false,NoError,true,true,true
test972,5,4,5,2,true,NoError,false,true,true
test973,4,3,3,3,true,NoError,true,true,false
test974,2,5,2,0,false,NoError,false,false,true
test975,2,2,2,2,true,NoError,false,false,false
test976,2,3,2,3,true,NoError,true,false,true
test977,3,1,5,3,true,NoError,true,true,false
test978,1,4,2,3,false,NoError,false,true,true
test979,4,4,1,2,false,NoError,false,false,false
test980,3,5,5,0,false,NoError,true,true,true
test981,1,2,5,2,false,NoError,false,false,false
test982,4,1,4,0,true,NoError,true,true,false
test983,5,3,2,0,true,NoError,true,true,false
test984,2,5,1,1,true,NoError,true,true,true
test985,1,1,3,1,true,NoError,true,true,false
test986,4,3,1,0,false,NoError,false,true,false
test987,5,5,5,0,false,NoError,true,true,false
test988,1,5,2,3,true,NoError,true,true,false
test989,2,3,1,3,false,NoError,false,true,true
test990,2,2,3,2,true,NoError,false,false,false
test991,5,4,5,1,false,NoError,true,true,false
test992,2,5,1,0,true,NoError,true,true,false
test993,2,5,2,2,false,NoError,true,true,true
test994,5,5,5,3,true,KotlinCompileError,false,false,false
test995,3,2,3,1,false,NoError,false,false,false
test996,2,1,5,0,true,NoError,true,true,false
test997,4,4,5,3,false,NoError,false,true,true
test998,4,2,5,2,true,NoError,true,true,true
test999,2,1,2,0,true,NoError,true,true,false
test1000,1,5,3,3,true,NoError,true,true,false
