name,nFunctions,nCoroutines,nChannels,nClasses,should,error,actual,detected
test0,4,4,6,0,true,GraphError,true,false
test1,2,7,4,4,false,InvalidModelError,false,false
test2,4,7,7,5,true,NoError,true,true
test3,7,1,8,1,false,InvalidModelError,true,false
test4,7,5,4,4,true,NoError,true,true
test5,4,1,2,3,false,InvalidModelError,false,false
test6,7,1,5,0,true,NoError,true,true
test7,4,8,3,2,true,NoError,false,false
test8,6,2,2,1,true,NoError,true,true
test9,5,4,7,5,false,InvalidModelError,false,false
test10,7,3,4,3,false,InvalidModelError,true,false
test11,7,4,3,0,false,KotlinRuntimeError,false,false
test12,2,5,2,1,true,NoError,false,false
test13,8,1,7,1,false,NoError,true,true
test14,6,5,8,1,false,NoError,true,true
test15,7,2,6,0,false,NoError,true,false
test16,7,6,5,4,false,InvalidModelError,false,false
test17,5,5,8,4,true,NoError,true,true
test18,7,6,8,5,true,NoError,true,true
test19,7,6,6,2,false,InvalidModelError,false,false
test20,5,8,3,1,true,NoError,true,true
test21,3,6,5,0,false,NoError,true,true
test22,8,5,6,1,true,NoError,true,true
test23,7,8,4,3,false,NoError,false,true
test25,3,1,1,5,true,InvalidModelError,true,false
test26,4,8,5,5,true,GraphError,true,false
test27,6,6,3,1,true,NoError,false,false
test28,2,4,8,2,true,NoError,true,true
test29,4,2,8,1,true,GraphError,true,false
test30,6,5,6,5,false,InvalidModelError,true,false
test31,7,6,2,0,false,KotlinRuntimeError,false,false
test32,5,2,2,0,true,NoError,true,true
test33,8,7,6,4,false,InvalidModelError,true,false
test34,8,6,6,5,false,GraphError,false,false
test35,5,1,1,3,true,InvalidModelError,true,false
test36,8,8,4,3,true,KotlinCompileError,false,false
test37,6,1,8,3,false,NoError,true,true
test38,3,4,3,5,true,NoError,true,true
test39,3,8,1,1,false,NoError,false,false
test40,7,8,1,5,false,InvalidModelError,true,false
test41,2,2,6,2,false,KotlinCompileError,false,false
test42,7,6,7,3,false,NoError,true,false
test43,4,5,2,1,true,NoError,true,true
test44,2,2,4,1,true,NoError,true,true
test45,3,2,5,2,false,NoError,true,true
test46,2,6,7,0,true,NoError,true,true
test47,8,1,6,1,true,NoError,true,false
test48,8,8,6,3,true,NoError,true,true
test49,4,5,7,3,false,InvalidModelError,false,false
test50,7,4,1,4,false,NoError,false,false
test51,5,1,3,5,true,GraphError,true,false
test52,7,5,4,2,true,NoError,false,false
test53,3,1,1,2,true,NoError,false,false
test54,5,7,4,0,false,InvalidModelError,false,false
test55,4,4,5,5,true,InvalidModelError,true,false
test56,2,6,5,0,false,InvalidModelError,false,false
test57,6,3,4,3,false,NoError,true,true
test58,5,2,3,2,true,GraphError,true,false
test59,3,7,4,5,true,InvalidModelError,true,false
test60,8,3,1,5,true,InvalidModelError,true,false
test61,7,7,7,5,false,InvalidModelError,true,false
test62,8,1,7,1,true,NoError,true,true
test63,8,5,2,4,false,NoError,true,true
test64,4,4,8,0,false,NoError,true,true
test65,4,2,6,4,false,InvalidModelError,true,false
test66,4,6,1,4,true,NoError,true,false
test67,8,5,1,1,false,NoError,false,true
test68,7,7,4,0,true,NoError,true,true
test69,3,6,2,2,false,NoError,false,false
test70,6,3,7,3,false,GraphError,false,false
test71,7,5,7,1,true,NoError,true,true
test72,2,4,7,5,true,NoError,true,true
test73,3,2,2,4,true,KotlinCompileError,false,false
test74,3,3,4,4,true,InvalidModelError,true,false
test75,5,8,1,5,false,NoError,true,true
test76,5,3,4,4,false,InvalidModelError,false,false
test77,2,2,6,0,false,NoError,true,true
test78,2,6,3,3,true,NoError,true,true
test79,3,1,5,5,false,NoError,true,true
test80,7,4,7,5,false,NoError,false,true
test81,7,6,8,0,false,NoError,true,true
test82,6,2,7,2,true,NoError,false,false
test83,6,1,7,2,false,KotlinCompileError,false,false
test84,6,2,4,0,false,KotlinCompileError,false,false
test85,4,4,6,0,false,NoError,false,true
test86,5,5,2,1,true,NoError,true,true
test87,4,4,3,0,false,InvalidModelError,false,false
test88,5,2,4,3,true,InvalidModelError,true,false
test89,3,8,4,3,false,NoError,true,true
test90,8,1,5,2,true,InvalidModelError,true,false
test91,8,4,7,3,true,NoError,true,true
test92,4,2,4,0,true,NoError,true,true
test93,2,8,8,0,false,NoError,true,true
test94,2,2,6,0,true,NoError,true,true
test95,7,3,2,1,true,KotlinCompileError,false,false
test96,7,4,3,1,false,InvalidModelError,false,false
test97,2,5,3,2,false,NoError,false,false
test98,4,7,7,2,false,KotlinRuntimeError,false,false
test99,3,2,6,4,false,NoError,false,false
test101,4,7,1,3,true,NoError,true,false
test102,5,8,4,1,false,NoError,false,false
test103,7,7,7,1,false,NoError,false,true
test104,5,5,2,1,false,NoError,true,true
test105,6,1,3,5,false,NoError,false,false
test106,3,8,2,5,false,InvalidModelError,true,false
test107,4,6,1,4,true,NoError,true,true
test108,7,2,6,0,true,NoError,true,false
test109,4,1,5,0,true,GraphError,true,false
test110,6,3,7,5,true,NoError,true,false
test111,3,2,7,5,false,InvalidModelError,true,false
test112,8,2,5,3,true,NoError,true,true
test113,4,8,6,3,false,NoError,false,true
test114,5,2,1,2,false,NoError,true,false
test115,4,6,2,2,false,InvalidModelError,true,false
test116,4,7,8,2,false,NoError,true,true
test117,5,3,2,3,true,NoError,false,false
test118,4,7,4,5,false,InvalidModelError,true,false
test119,6,1,1,3,true,NoError,true,true
test120,5,7,1,1,true,NoError,true,true
test121,8,7,3,1,true,InvalidModelError,true,false
test122,6,7,4,0,false,InvalidModelError,false,false
test123,7,3,8,5,true,NoError,true,true
test125,7,7,3,5,false,NoError,false,true
test126,3,7,3,2,true,NoError,true,true
test127,2,8,2,2,true,NoError,true,true
test128,2,2,3,5,false,NoError,true,false
test129,7,4,5,3,true,GraphError,false,false
test130,7,3,8,5,true,NoError,true,true
test131,8,7,8,5,true,NoError,true,true
test132,4,4,6,0,false,InvalidModelError,true,false
test133,6,7,6,5,true,NoError,true,true
test134,8,4,4,1,false,NoError,true,true
test135,5,2,7,5,false,InvalidModelError,true,false
test136,8,5,8,3,false,NoError,false,false
test137,4,7,2,2,false,InvalidModelError,false,false
test138,7,1,1,4,false,NoError,false,true
test139,8,7,3,3,false,InvalidModelError,true,false
test140,4,7,7,4,true,NoError,true,true
test141,4,8,1,3,true,NoError,true,true
test144,6,1,2,3,false,InvalidModelError,false,false
test145,2,5,1,5,true,NoError,true,true
test146,7,1,8,4,false,NoError,true,true
test147,7,6,4,5,true,InvalidModelError,true,false
test148,8,1,4,2,false,InvalidModelError,true,false
test149,3,2,1,1,true,NoError,true,false
test150,7,6,4,1,false,NoError,true,true
test151,3,8,6,0,true,NoError,true,true
test152,7,8,1,5,true,NoError,false,true
test153,7,2,7,2,true,NoError,true,true
test155,7,3,4,1,false,NoError,true,true
test156,2,5,8,2,true,WriteToPromError,true,false
test157,3,2,5,3,true,NoError,true,true
test159,3,8,4,1,false,InvalidModelError,true,false
test160,4,3,4,2,true,NoError,true,true
test161,2,7,2,5,true,NoError,true,true
test162,3,2,5,2,false,InvalidModelError,false,false
test163,2,5,3,5,false,NoError,true,true
test164,4,7,3,5,true,NoError,true,true
test165,2,7,5,4,false,NoError,true,true
test166,8,2,1,5,false,InvalidModelError,false,false
test167,3,3,5,4,true,NoError,true,true
test168,4,3,7,0,false,InvalidModelError,true,false
test169,3,1,8,5,true,InvalidModelError,true,false
test170,6,6,3,1,false,NoError,false,false
test171,4,4,2,5,false,NoError,false,false
test172,6,4,1,0,true,NoError,true,true
test173,8,3,3,0,true,GraphError,true,false
test174,8,3,7,4,true,NoError,true,true
test175,5,6,5,4,false,NoError,true,false
test176,8,7,4,5,true,NoError,true,false
test177,7,7,4,5,true,NoError,true,true
test178,4,6,6,4,false,NoError,false,false
test180,3,6,6,4,false,NoError,false,false
test181,7,6,8,2,false,NoError,true,true
test182,5,3,7,0,true,NoError,true,true
test183,8,1,2,2,false,NoError,true,true
test184,6,8,8,5,false,NoError,false,false
test185,7,3,4,4,true,GraphError,true,false
test186,4,3,8,3,false,KotlinRuntimeError,false,false
test187,7,7,1,4,true,NoError,true,true
test188,6,6,2,4,true,NoError,false,true
test189,6,2,6,5,false,NoError,true,false
test190,6,7,6,3,false,NoError,true,true
test191,6,7,5,0,false,NoError,true,true
test192,3,4,3,0,false,InvalidModelError,false,false
test193,7,7,5,1,false,InvalidModelError,true,false
test194,4,2,5,4,false,InvalidModelError,false,false
test195,6,3,3,5,false,NoError,false,true
test196,7,6,5,4,true,InvalidModelError,true,false
test197,5,5,3,0,true,GraphError,true,false
test198,8,4,7,1,true,NoError,true,true
test199,2,6,3,4,false,NoError,true,false
test200,7,2,1,0,true,InvalidModelError,false,false
test201,5,3,2,3,true,NoError,true,false
test202,4,1,7,3,true,NoError,true,true
test203,5,7,7,3,true,NoError,true,false
test204,5,1,3,5,false,InvalidModelError,true,false
test205,5,4,6,1,false,NoError,false,false
test206,4,3,8,1,true,NoError,true,true
test207,4,8,1,4,false,NoError,false,false
test208,4,4,5,5,true,InvalidModelError,false,false
test209,4,1,7,2,true,GraphError,true,false
test210,4,6,8,0,false,NoError,true,false
test211,5,5,4,4,false,InvalidModelError,false,false
test212,2,6,2,5,false,NoError,true,false
test214,3,1,4,4,true,NoError,true,true
test215,8,3,6,5,true,NoError,true,true
test216,2,2,4,1,true,NoError,true,true
test217,3,5,1,3,true,InvalidModelError,true,false
test218,3,3,1,2,true,InvalidModelError,true,false
test219,6,4,1,4,true,NoError,false,false
test220,6,7,8,3,true,NoError,true,true
test221,6,5,6,2,true,NoError,true,true
test222,3,7,8,3,true,InvalidModelError,true,false
test223,6,1,1,4,true,NoError,true,true
test224,8,1,2,5,true,NoError,true,true
test225,3,2,3,4,true,NoError,true,true
test226,4,1,1,5,true,NoError,false,false
test227,6,7,1,1,false,InvalidModelError,false,false
test228,6,6,7,0,true,NoError,true,false
test229,2,4,2,5,false,InvalidModelError,true,false
test230,4,7,2,2,true,NoError,true,true
test231,8,4,2,0,false,NoError,false,false
test232,8,7,7,3,true,InvalidModelError,true,false
test233,7,8,5,4,true,NoError,true,true
test234,6,3,4,2,false,NoError,true,true
test235,4,7,7,2,true,GraphError,true,false
test236,8,8,4,3,false,NoError,false,false
test237,3,1,7,3,false,InvalidModelError,true,false
test238,4,3,2,5,false,InvalidModelError,false,false
test239,8,3,8,4,true,GraphError,true,false
test240,6,1,1,0,true,NoError,true,true
test242,8,5,5,3,true,GraphError,true,false
test243,3,3,3,2,true,NoError,true,true
test244,3,2,7,5,false,WriteToPromError,false,false
test245,7,4,7,5,false,NoError,true,true
test246,5,5,4,3,true,NoError,false,false
test247,4,4,6,5,false,InvalidModelError,false,false
test248,2,5,8,1,true,NoError,true,true
test249,6,2,1,2,false,InvalidModelError,false,false
test250,6,5,2,3,false,NoError,true,true
test251,8,7,8,5,false,NoError,true,true
test252,8,4,2,0,true,NoError,true,false
test253,4,2,7,1,true,NoError,true,true
test254,4,8,5,5,true,NoError,true,true
test255,3,2,2,4,true,NoError,true,true
test256,4,5,3,1,false,NoError,false,false
test257,6,2,5,3,true,InvalidModelError,true,false
test259,6,2,6,4,false,InvalidModelError,false,false
test261,6,2,1,5,true,NoError,false,true
test262,5,1,2,5,false,NoError,true,true
test263,8,5,7,2,false,NoError,true,true
test264,2,4,6,0,true,NoError,true,true
test265,4,3,4,3,false,InvalidModelError,false,false
test266,7,6,8,0,false,InvalidModelError,true,false
test267,4,8,4,1,true,InvalidModelError,true,false
test268,2,1,5,4,true,NoError,false,false
test269,6,7,4,4,true,GraphError,true,false
test270,8,1,5,1,false,NoError,true,true
test271,4,8,3,1,true,NoError,true,true
test272,3,8,8,4,false,NoError,true,true
test273,4,6,1,3,true,NoError,true,true
test274,2,4,1,5,true,InvalidModelError,false,false
test275,6,7,6,2,true,NoError,true,true
test276,5,6,4,3,true,NoError,true,true
test277,3,1,6,1,false,NoError,true,false
test278,4,4,7,2,false,InvalidModelError,true,false
test279,8,1,8,4,true,GraphError,true,false
test280,2,3,6,3,true,NoError,true,true
test281,6,3,6,3,false,GraphError,true,false
test283,6,5,8,2,false,NoError,true,true
test284,7,5,8,2,false,InvalidModelError,true,false
test285,4,5,7,2,true,NoError,true,true
test286,2,2,7,4,true,NoError,true,true
test287,5,1,6,3,false,InvalidModelError,false,false
test288,8,7,4,1,false,NoError,true,true
test289,2,4,7,3,false,NoError,true,true
test290,4,2,1,3,true,NoError,false,false
test291,3,1,2,2,false,InvalidModelError,false,false
test292,7,3,7,1,true,NoError,false,false
test293,5,5,8,1,true,NoError,true,true
test294,3,5,8,2,false,NoError,true,false
test295,4,5,5,5,false,NoError,true,true
test296,7,5,7,3,false,NoError,true,true
test297,7,7,8,4,true,GraphError,true,false
test298,8,8,6,3,false,InvalidModelError,false,false
test299,6,1,4,5,true,NoError,true,true
test300,5,4,1,1,true,InvalidModelError,true,false
test301,8,3,8,0,false,InvalidModelError,true,false
test302,3,5,5,2,false,InvalidModelError,true,false
test303,6,2,8,3,false,NoError,true,true
test304,4,7,1,0,true,KotlinCompileError,false,false
test305,8,7,8,3,true,InvalidModelError,true,false
test306,3,6,4,2,false,InvalidModelError,false,false
test307,6,4,7,0,false,InvalidModelError,true,false
test308,6,3,7,2,true,NoError,true,true
test309,2,2,8,3,false,NoError,true,false
test310,7,8,2,1,false,KotlinCompileError,false,false
test311,6,3,4,3,true,NoError,true,true
test312,2,1,4,1,true,NoError,true,true
test313,8,6,7,3,true,InvalidModelError,true,false
test314,3,4,2,5,false,NoError,false,false
test315,7,2,2,2,false,InvalidModelError,false,false
test316,8,3,4,1,true,NoError,true,false
test317,3,5,1,3,false,InvalidModelError,false,false
test318,7,1,8,5,true,KotlinCompileError,false,false
test319,3,3,4,4,false,KotlinRuntimeError,false,false
test320,8,5,2,0,false,NoError,false,true
test321,7,1,4,3,true,NoError,false,false
test322,6,7,1,0,true,NoError,true,true
test323,2,7,5,0,false,NoError,true,false
test324,6,5,7,3,true,KotlinCompileError,false,false
test325,6,2,5,3,false,InvalidModelError,false,false
test326,6,6,7,3,true,GraphError,true,false
test327,3,1,4,5,false,InvalidModelError,false,false
test328,6,3,6,2,false,InvalidModelError,false,false
test329,3,4,6,4,false,NoError,true,false
test330,2,1,5,4,true,NoError,true,true
test331,3,8,2,0,true,NoError,true,true
test332,5,6,6,4,true,NoError,true,true
test333,8,7,6,3,false,NoError,false,false
test334,3,3,6,2,true,KotlinCompileError,false,false
test335,8,2,1,3,true,NoError,true,true
test336,3,5,8,0,true,NoError,true,true
test337,3,8,1,1,false,InvalidModelError,false,false
test338,3,8,4,4,false,NoError,false,false
test339,2,8,5,1,false,NoError,false,false
test340,3,8,5,1,true,NoError,false,false
test341,5,7,7,3,false,NoError,true,true
test342,3,5,2,1,false,NoError,false,true
test343,5,2,4,5,true,NoError,false,true
test344,7,2,8,2,false,InvalidModelError,true,false
test345,4,1,3,3,true,NoError,true,true
test346,3,3,2,4,false,NoError,false,false
test347,6,7,2,5,false,NoError,false,false
test348,3,8,6,4,false,InvalidModelError,true,false
test349,2,3,7,1,true,NoError,true,true
test350,3,3,5,0,true,InvalidModelError,true,false
test351,6,7,5,2,true,InvalidModelError,false,false
test352,2,6,6,1,false,NoError,false,false
test353,5,5,6,1,false,KotlinCompileError,false,false
test354,8,4,5,1,true,NoError,true,false
test355,3,3,6,3,true,NoError,true,true
test356,6,7,4,0,true,NoError,true,true
test357,8,4,7,4,true,GraphError,true,false
test358,3,4,1,0,false,KotlinRuntimeError,false,false
test359,4,7,8,3,false,InvalidModelError,true,false
test360,8,3,2,5,true,NoError,true,true
test361,2,1,3,3,false,NoError,true,false
test362,5,8,7,0,false,NoError,true,true
test363,8,1,5,4,false,KotlinCompileError,false,false
test364,7,8,2,3,false,KotlinCompileError,false,false
test365,3,8,2,3,false,InvalidModelError,true,false
test366,3,3,3,5,false,InvalidModelError,false,false
test367,3,2,1,5,false,InvalidModelError,true,false
test368,6,3,5,3,false,InvalidModelError,false,false
test369,2,6,2,4,false,NoError,false,true
test370,8,4,2,0,true,InvalidModelError,true,false
test371,5,5,5,3,false,InvalidModelError,true,false
test372,4,4,6,4,true,GraphError,true,false
test373,2,3,2,3,false,InvalidModelError,true,false
test374,2,7,1,2,false,NoError,true,true
test375,6,4,6,1,true,NoError,true,true
test376,4,8,4,5,true,InvalidModelError,true,false
test377,6,5,5,2,false,KotlinCompileError,false,false
test378,6,6,8,1,true,NoError,true,true
test379,5,8,4,5,true,KotlinCompileError,false,false
test380,5,1,2,3,false,KotlinCompileError,false,false
test381,2,5,3,3,false,InvalidModelError,false,false
test382,3,5,6,5,false,KotlinCompileError,false,false
test383,6,6,6,4,true,NoError,true,true
test384,8,4,5,3,true,NoError,true,true
test385,7,6,6,1,false,NoError,true,true
test386,5,1,3,1,true,NoError,true,true
test387,4,1,3,1,false,NoError,true,false
test388,3,2,3,0,true,NoError,true,true
test389,5,6,5,1,true,NoError,false,false
test390,3,7,6,2,false,KotlinCompileError,false,false
test391,5,4,2,3,true,NoError,false,false
test392,7,4,1,2,true,GraphError,false,false
test393,5,1,3,2,false,InvalidModelError,false,false
test394,6,8,7,3,false,KotlinCompileError,false,false
test395,6,5,6,4,false,GraphError,true,false
test396,4,2,2,1,true,NoError,true,true
test397,7,2,3,1,true,InvalidModelError,true,false
test398,8,3,1,2,false,InvalidModelError,false,false
test399,7,4,5,2,false,KotlinRuntimeError,false,false
test400,7,6,3,0,true,NoError,true,true
test401,7,7,3,0,false,NoError,false,false
test402,4,3,7,1,false,InvalidModelError,true,false
test403,2,3,8,1,false,KotlinCompileError,false,false
test404,6,1,2,2,true,KotlinCompileError,false,false
test405,8,4,1,1,false,NoError,false,false
test406,6,1,2,1,true,NoError,true,true
test407,3,2,5,2,true,NoError,true,true
test408,5,3,6,3,false,InvalidModelError,false,false
test409,2,6,5,0,false,KotlinCompileError,false,false
test410,4,7,4,5,true,KotlinCompileError,false,false
test411,5,6,5,5,false,NoError,true,true
test412,7,2,5,5,false,NoError,true,true
test413,8,4,1,1,true,NoError,true,true
test414,3,3,5,3,false,NoError,false,true
test415,2,4,4,0,true,NoError,true,true
test416,2,4,5,4,true,NoError,true,true
test417,3,5,1,5,false,KotlinCompileError,false,false
test418,6,4,3,0,false,InvalidModelError,true,false
test419,5,4,4,1,false,NoError,true,true
test420,5,1,7,5,false,NoError,true,true
test421,3,8,8,3,false,NoError,true,true
test422,3,8,7,2,true,NoError,true,true
test423,8,3,4,0,false,GraphError,true,false
test424,6,1,6,3,true,NoError,true,true
test425,3,3,7,1,true,NoError,true,true
test426,3,2,6,3,false,NoError,false,false
test427,4,1,5,5,true,NoError,true,true
test428,2,1,3,2,true,NoError,false,false
test429,4,4,5,4,false,NoError,true,true
test430,6,6,6,5,true,InvalidModelError,true,false
test431,5,1,2,0,false,GraphError,false,false
test432,3,1,8,3,false,NoError,true,false
test433,3,6,1,0,false,KotlinRuntimeError,false,false
test434,4,8,7,1,false,NoError,true,true
test435,4,2,1,5,false,NoError,false,false
test436,5,8,3,3,false,InvalidModelError,true,false
test437,8,3,1,3,true,NoError,false,true
test438,4,6,3,1,false,NoError,false,false
test439,4,3,1,1,false,NoError,false,true
test440,5,8,4,1,true,NoError,true,true
test441,8,5,7,5,false,KotlinCompileError,false,false
test442,7,7,1,4,true,NoError,true,true
test443,6,6,4,4,true,NoError,true,true
test444,6,7,2,1,false,KotlinCompileError,false,false
test445,8,2,1,4,false,NoError,false,false
test446,7,8,8,1,false,NoError,false,false
test447,4,4,1,3,true,NoError,false,true
test448,4,4,2,1,false,NoError,false,false
test449,7,7,1,3,false,InvalidModelError,true,false
test450,3,3,6,0,true,NoError,true,true
test451,4,7,3,2,false,InvalidModelError,true,false
test452,2,5,8,0,false,NoError,true,true
test453,6,7,2,4,true,InvalidModelError,false,false
test454,8,7,3,0,true,NoError,false,true
test455,7,5,5,4,true,InvalidModelError,true,false
test456,4,7,1,0,true,NoError,false,false
test457,5,5,1,2,false,NoError,true,false
test458,8,2,5,5,true,KotlinCompileError,false,false
test459,5,1,1,5,false,InvalidModelError,false,false
test460,6,5,2,3,true,InvalidModelError,true,false
test461,7,6,4,2,true,NoError,true,true
test462,6,5,8,0,false,NoError,true,true
test463,6,5,7,4,false,NoError,true,true
test464,4,1,8,1,false,NoError,true,false
test465,8,7,4,3,true,NoError,true,false
test466,2,5,3,0,false,InvalidModelError,false,false
test467,2,2,7,1,false,NoError,false,false
test468,2,3,4,5,false,NoError,true,true
test469,4,4,3,4,false,KotlinCompileError,false,false
test470,3,3,8,1,true,KotlinCompileError,false,false
test471,6,1,3,5,false,KotlinRuntimeError,false,false
test472,4,8,2,1,true,NoError,true,true
test473,7,2,5,5,false,KotlinCompileError,false,false
test474,8,7,4,4,false,NoError,true,true
test475,5,3,3,4,false,InvalidModelError,false,false
test476,5,2,8,3,false,KotlinCompileError,false,false
test477,7,8,3,0,true,NoError,true,true
test478,8,4,6,2,true,NoError,true,true
test479,3,3,2,0,false,NoError,false,false
test480,2,5,7,3,true,InvalidModelError,true,false
test481,7,3,7,5,false,NoError,true,true
test482,3,3,7,1,true,NoError,false,false
test483,6,4,8,0,true,NoError,true,true
test484,4,7,6,3,false,NoError,true,true
test485,8,6,3,3,false,NoError,true,true
test486,7,8,6,1,false,NoError,true,true
test487,2,6,6,1,false,InvalidModelError,false,false
test488,3,1,7,2,true,NoError,true,true
test489,8,1,1,2,true,NoError,true,true
test500,3,3,4,2,false,NoError,true,true
test501,2,5,5,2,false,NoError,false,false
test502,5,2,2,3,true,NoError,true,true
test503,4,5,5,0,false,GraphError,false,false
test504,4,1,3,0,true,GraphError,false,false
test505,4,2,3,3,true,NoError,true,true
test506,5,3,2,1,false,InvalidModelError,true,false
test507,4,1,5,2,false,KotlinRuntimeError,false,false
test508,2,5,2,3,true,NoError,true,true
test509,5,1,2,2,false,NoError,true,true
test510,1,2,2,0,false,NoError,false,false
test511,2,3,1,3,false,NoError,true,true
test512,1,2,1,0,true,NoError,true,true
test513,4,5,2,3,true,NoError,true,true
test514,5,2,2,2,false,NoError,true,true
test515,3,4,1,0,false,NoError,false,true
test516,2,1,4,3,false,WriteToPromError,true,false
test517,2,3,1,2,true,NoError,false,false
test518,4,5,5,1,false,InvalidModelError,false,false
test519,2,3,4,0,true,NoError,true,true
test520,2,1,2,1,true,NoError,true,true
test521,5,3,1,0,false,NoError,true,true
test522,3,2,4,0,true,GraphError,true,false
test523,1,2,4,3,false,NoError,false,false
test524,5,3,4,3,false,InvalidModelError,false,false
test525,3,5,2,2,false,KotlinCompileError,false,false
test526,1,4,4,2,true,InvalidModelError,true,false
test527,3,3,5,1,false,NoError,true,false
test528,1,4,1,2,false,NoError,false,false
test529,3,4,3,0,false,NoError,false,false
test530,2,5,4,2,false,InvalidModelError,false,false
test531,4,1,3,3,false,NoError,true,true
test532,4,5,1,0,true,NoError,true,true
test533,2,1,4,0,true,NoError,true,true
test534,2,3,1,3,false,NoError,false,false
test535,5,4,4,2,true,NoError,true,true
test536,3,4,1,3,true,KotlinCompileError,false,false
test537,4,4,3,1,false,InvalidModelError,false,false
test538,4,5,5,1,false,NoError,true,true
test539,3,4,1,1,false,KotlinRuntimeError,false,false
test540,5,4,1,1,false,InvalidModelError,false,false
test541,1,3,2,2,true,NoError,false,false
test542,3,3,2,2,true,NoError,false,false
test543,1,1,3,1,false,NoError,false,false
test544,1,5,3,2,true,NoError,true,true
test545,3,1,1,1,true,NoError,true,true
test546,3,2,2,0,true,NoError,false,false
test547,2,1,5,3,true,NoError,true,true
test548,3,2,4,1,false,NoError,false,false
test549,4,2,4,1,false,InvalidModelError,false,false
test550,2,4,5,3,false,InvalidModelError,true,false
test551,1,4,2,0,false,KotlinRuntimeError,false,false
test552,3,5,4,1,true,NoError,true,true
test553,4,4,4,0,false,InvalidModelError,false,false
test554,5,2,1,0,true,InvalidModelError,false,false
test555,2,1,5,0,true,InvalidModelError,true,false
test556,2,5,4,1,true,NoError,true,true
test557,5,3,5,1,true,NoError,true,true
test558,5,3,4,1,true,NoError,true,true
test559,1,3,5,2,true,NoError,true,true
test560,5,1,1,1,false,InvalidModelError,true,false
test561,5,4,3,1,false,InvalidModelError,true,false
test562,1,3,2,3,false,InvalidModelError,false,false
test563,4,4,1,2,true,NoError,false,false
test564,3,1,4,1,true,NoError,true,true
test565,2,2,1,3,true,InvalidModelError,false,false
test566,1,1,2,2,true,NoError,false,false
test567,4,1,5,3,true,NoError,true,true
test568,2,2,2,3,false,InvalidModelError,false,false
test569,4,4,4,0,true,NoError,true,true
test570,3,3,2,1,true,NoError,true,true
test571,2,3,5,3,false,KotlinCompileError,false,false
test572,5,2,5,3,false,KotlinCompileError,false,false
test573,2,5,4,1,false,NoError,false,true
test574,3,5,2,2,true,NoError,true,true
test575,2,2,1,2,false,NoError,false,false
test576,2,2,1,0,true,NoError,true,false
test577,4,3,5,2,true,NoError,true,true
test578,3,1,2,0,false,InvalidModelError,false,false
test579,4,5,4,1,true,KotlinCompileError,false,false
test580,5,4,2,3,false,NoError,false,true
test581,4,5,2,2,true,NoError,true,false
test582,4,5,4,0,true,GraphError,true,false
test583,1,2,1,1,true,NoError,false,false
test584,5,3,1,1,false,InvalidModelError,false,false
test585,4,3,1,1,true,NoError,true,true
test586,5,2,5,1,true,NoError,true,true
test587,2,1,2,2,false,InvalidModelError,false,false
test588,2,3,2,2,false,NoError,false,true
test589,2,2,5,3,true,NoError,true,true
test590,4,3,1,2,false,NoError,false,false
test591,5,2,5,0,false,InvalidModelError,true,false
test592,5,4,5,3,false,NoError,false,false
test593,5,5,1,2,true,NoError,true,true
test594,1,4,1,2,false,KotlinCompileError,false,false
test595,4,4,3,0,true,InvalidModelError,true,false
test596,5,4,4,1,true,NoError,true,true
test597,4,2,3,0,true,NoError,true,true
test598,4,3,1,2,true,InvalidModelError,true,false
test599,2,2,5,1,false,NoError,false,false
test600,1,4,4,0,false,NoError,false,true
test601,4,4,1,1,false,InvalidModelError,true,false
test602,3,2,2,0,false,InvalidModelError,false,false
test603,1,1,5,2,true,NoError,true,true
test604,1,4,1,1,false,KotlinRuntimeError,false,false
test605,1,5,4,2,false,KotlinCompileError,false,false
test606,3,3,3,2,false,NoError,false,false
test607,3,2,1,3,true,InvalidModelError,true,false
test608,4,5,1,2,true,NoError,true,true
test609,5,1,2,3,true,KotlinCompileError,false,false
test610,2,5,4,1,false,NoError,true,true
test611,3,5,2,0,true,NoError,true,true
test612,5,3,3,2,true,InvalidModelError,true,false
test613,3,2,4,1,true,InvalidModelError,true,false
test614,1,4,4,3,true,NoError,true,true
test615,5,2,5,0,false,InvalidModelError,false,false
test616,1,3,5,0,false,NoError,false,false
test617,2,1,4,3,false,NoError,true,true
test618,2,1,1,1,false,InvalidModelError,false,false
test619,4,4,1,0,false,NoError,false,false
test620,4,3,5,2,false,InvalidModelError,true,false
test621,4,2,1,1,true,InvalidModelError,false,false
test622,1,5,5,1,false,NoError,true,true
test623,5,1,1,3,true,NoError,true,true
test624,4,2,2,2,true,NoError,true,false
test625,2,5,5,2,true,InvalidModelError,true,false
test626,3,2,3,1,true,NoError,true,true
test627,1,2,5,3,false,NoError,false,true
test628,5,5,2,0,true,NoError,true,true
test629,3,5,5,2,false,NoError,false,true
test630,5,2,5,2,false,NoError,false,false
test631,5,5,3,3,true,InvalidModelError,true,false
test632,4,2,4,0,true,GraphError,true,false
test633,2,4,3,0,true,NoError,true,true
test634,1,2,5,0,true,NoError,true,false
test635,2,4,1,0,false,NoError,false,false
test636,2,2,2,3,false,NoError,false,false
test637,4,2,5,2,true,NoError,true,true
test638,1,2,4,1,false,NoError,false,false
test639,5,5,4,0,true,GraphError,true,false
test640,1,1,3,1,false,KotlinCompileError,false,false
test641,1,1,4,1,false,WriteToPromError,true,false
test642,3,2,4,2,true,NoError,true,true
test643,3,3,2,1,false,NoError,false,false
test644,2,3,4,0,true,GraphError,true,false
test645,4,4,3,1,true,NoError,true,true
test646,1,4,4,3,false,InvalidModelError,true,false
test647,5,3,3,1,true,InvalidModelError,true,false
test648,2,3,4,2,true,NoError,false,false
test649,3,3,3,2,false,InvalidModelError,false,false
test650,1,3,2,0,true,NoError,true,true
test651,5,3,5,2,false,InvalidModelError,false,false
test652,3,3,2,2,true,NoError,true,true
test653,2,2,2,0,false,InvalidModelError,false,false
test654,5,1,5,0,true,NoError,true,true
test655,4,5,1,3,false,NoError,false,true
test656,3,1,4,0,true,NoError,true,true
test657,2,5,3,3,false,KotlinCompileError,false,false
test658,5,1,1,0,false,NoError,false,true
test659,5,2,1,1,true,KotlinRuntimeError,false,false
test660,5,1,2,0,true,NoError,true,true
test661,3,4,2,1,true,NoError,true,true
test662,2,1,4,1,false,NoError,false,false
test663,1,3,5,2,false,KotlinCompileError,false,false
test664,4,1,4,3,false,InvalidModelError,false,false
test665,2,5,5,3,false,InvalidModelError,true,false
test666,2,2,2,2,false,InvalidModelError,false,false
test667,5,3,1,2,true,NoError,true,false
test668,5,5,3,0,false,InvalidModelError,false,false
test669,4,2,4,3,false,NoError,false,false
test670,2,5,4,3,true,NoError,false,false
test671,1,3,2,3,false,InvalidModelError,false,false
test672,3,5,1,1,true,NoError,true,true
test673,5,5,5,2,false,KotlinCompileError,false,false
test674,4,1,4,3,false,NoError,true,true
test675,3,2,4,3,true,NoError,true,true
test676,2,4,5,2,false,NoError,false,false
test677,2,2,5,1,true,NoError,true,true
test678,5,5,1,1,true,NoError,true,true
test679,1,3,5,3,true,NoError,true,true
test680,2,3,5,3,true,InvalidModelError,true,false
test681,4,1,3,3,true,InvalidModelError,true,false
test682,5,2,1,1,true,NoError,true,true
test683,2,1,1,2,false,InvalidModelError,false,false
test684,1,2,2,2,false,NoError,true,true
test685,4,3,1,0,true,GraphError,true,false
test686,5,3,5,3,false,NoError,false,false
test687,2,1,3,2,false,InvalidModelError,false,false
test688,4,1,2,2,false,InvalidModelError,true,false
test689,1,2,3,2,false,InvalidModelError,true,false
test690,4,1,2,3,true,InvalidModelError,true,false
test691,5,5,5,1,true,NoError,false,false
test692,3,3,2,1,true,NoError,true,true
test693,5,2,2,0,false,NoError,false,false
test694,3,2,3,1,true,NoError,true,true
test695,4,4,4,3,false,NoError,true,false
test696,5,4,2,0,true,NoError,false,false
test697,5,4,4,3,true,KotlinCompileError,false,false
test698,3,3,3,1,false,NoError,true,false
test699,5,1,1,2,true,NoError,false,false
test700,3,3,4,3,false,InvalidModelError,false,false
test701,5,1,3,3,false,InvalidModelError,false,false
test702,3,5,3,3,true,KotlinCompileError,false,false
test703,1,5,4,0,true,KotlinCompileError,false,false
test704,1,3,5,0,true,NoError,true,true
test705,2,3,2,3,true,InvalidModelError,false,false
test706,3,2,1,2,false,NoError,false,true
test707,2,3,4,0,true,NoError,false,false
test708,4,1,3,1,true,NoError,true,true
test709,5,2,3,0,false,InvalidModelError,true,false
test710,1,4,1,0,true,NoError,true,true
test711,4,4,5,3,true,KotlinCompileError,false,false
test712,2,5,1,3,true,NoError,false,false
test713,3,3,4,2,false,InvalidModelError,true,false
test714,5,4,3,3,false,NoError,false,false
test715,1,2,1,1,false,InvalidModelError,false,false
test716,3,1,2,2,true,NoError,true,true
test717,4,1,1,2,false,NoError,false,false
test718,5,1,5,0,true,NoError,true,false
test719,2,5,4,0,false,InvalidModelError,false,false
test720,4,4,3,1,true,NoError,true,true
test721,3,1,2,3,true,InvalidModelError,true,false
test722,3,5,5,2,true,NoError,true,true
test723,3,5,5,0,false,InvalidModelError,true,false
test724,4,3,3,1,false,NoError,false,false
test725,2,4,5,2,true,NoError,true,true
test726,1,1,3,0,false,NoError,true,true
test727,3,1,4,3,true,NoError,false,false
test728,3,5,4,3,false,NoError,false,false
test729,1,1,1,1,true,NoError,false,false
test730,4,2,4,2,false,NoError,true,true
test731,5,5,4,2,false,KotlinCompileError,false,false
test732,1,5,5,0,false,NoError,true,true
test733,5,5,4,2,true,NoError,true,true
test734,1,3,2,2,false,NoError,true,true
test735,4,4,3,3,false,InvalidModelError,true,false
test736,4,4,2,0,false,InvalidModelError,false,false
test737,5,4,1,0,true,GraphError,false,false
test738,1,5,1,1,true,InvalidModelError,false,false
test739,5,5,1,0,true,KotlinCompileError,false,false
test740,2,4,1,2,false,NoError,false,true
test741,2,2,4,0,true,NoError,true,true
test742,3,4,4,1,true,NoError,false,true
test743,3,2,1,0,true,NoError,false,false
test744,5,2,3,0,false,InvalidModelError,false,false
test745,5,1,3,1,false,InvalidModelError,false,false
test746,4,5,5,0,false,NoError,false,true
test747,4,3,5,3,true,GraphError,true,false
test748,1,1,4,0,false,NoError,true,true
test749,2,2,1,3,true,NoError,false,false
test750,3,3,5,1,false,KotlinCompileError,false,false
test751,1,4,5,0,true,NoError,true,true
test752,3,4,5,0,true,NoError,true,true
test753,1,4,1,3,true,NoError,false,false
test754,4,5,5,0,false,NoError,true,true
test755,1,3,2,2,false,NoError,false,false
test756,2,1,3,1,true,NoError,false,false
test757,5,2,4,1,false,NoError,false,false
test758,4,1,4,3,true,NoError,true,true
test759,1,2,3,0,true,NoError,true,true
test760,3,4,2,1,false,InvalidModelError,true,false
test761,4,1,5,3,true,NoError,true,true
test762,5,2,3,0,true,NoError,true,true
test763,2,5,1,1,false,NoError,false,false
test764,4,2,5,3,true,NoError,true,true
test765,3,3,4,0,false,NoError,false,true
test766,3,3,4,0,true,NoError,true,true
test767,3,3,5,1,true,NoError,true,true
test768,4,1,2,3,false,InvalidModelError,false,false
test769,5,1,4,2,true,NoError,false,false
test770,3,5,3,0,false,InvalidModelError,false,false
test771,3,1,2,3,true,NoError,true,true
test772,4,3,5,2,true,NoError,true,true
test773,3,4,1,1,false,NoError,false,false
test774,5,3,1,0,false,NoError,false,true
test775,4,5,3,3,true,NoError,false,false
test776,2,4,3,1,true,NoError,false,false
test777,1,5,4,0,true,KotlinCompileError,false,false
test778,3,4,4,2,false,NoError,false,false
test779,4,5,1,0,false,InvalidModelError,true,false
test780,3,4,2,0,false,InvalidModelError,false,false
test781,5,1,3,0,false,NoError,false,true
test782,4,2,2,1,true,NoError,true,true
test783,1,5,2,2,false,NoError,false,true
test784,1,4,5,3,false,NoError,false,false
test785,3,1,4,0,false,NoError,false,true
test786,1,3,3,0,false,NoError,false,false
test787,5,5,4,1,false,InvalidModelError,true,false
test788,3,5,5,0,true,NoError,true,true
test789,5,5,4,1,true,NoError,true,true
test790,5,4,4,3,true,NoError,true,true
test791,1,4,4,1,true,NoError,true,true
test792,5,2,2,2,false,InvalidModelError,true,false
test793,1,2,2,0,true,NoError,true,true
test794,1,4,2,3,true,NoError,true,true
test795,1,2,4,2,true,NoError,false,false
test796,2,3,5,0,false,InvalidModelError,true,false
test797,1,4,4,0,true,NoError,true,true
test798,3,4,4,2,true,NoError,true,true
test799,3,5,2,1,false,NoError,true,true
test800,5,5,5,0,false,InvalidModelError,true,false
test801,2,4,4,1,true,InvalidModelError,true,false
test802,1,3,1,0,true,NoError,true,true
test803,3,1,4,0,false,NoError,true,true
test804,2,4,3,2,false,NoError,false,false
test805,3,2,5,1,false,InvalidModelError,true,false
test806,4,4,5,1,true,NoError,true,true
test807,5,1,5,3,false,KotlinCompileError,false,false
test808,2,1,5,1,false,NoError,true,true
test809,1,2,4,2,false,NoError,false,false
test810,2,5,3,2,false,KotlinRuntimeError,false,false
test811,1,3,3,1,true,NoError,true,true
test812,3,2,2,3,false,InvalidModelError,false,false
test813,5,4,1,3,true,InvalidModelError,true,false
test814,5,2,5,0,false,NoError,true,false
test815,4,2,2,0,false,NoError,false,false
test816,1,4,5,1,false,KotlinCompileError,false,false
test817,2,1,4,1,false,NoError,false,false
test818,5,4,1,0,false,NoError,false,true
test819,2,3,5,2,true,NoError,true,true
test820,1,2,3,2,false,NoError,false,false
test821,1,2,4,3,false,NoError,false,false
test822,3,5,2,3,true,InvalidModelError,true,false
test823,4,3,3,3,true,KotlinRuntimeError,false,false
test824,3,4,3,0,true,NoError,true,true
test825,4,4,2,1,true,NoError,false,false
test826,4,1,5,3,true,NoError,true,true
test827,3,4,3,0,true,NoError,true,true
test828,1,1,3,0,false,NoError,false,false
test829,5,1,2,2,false,NoError,true,false
test830,1,5,1,3,true,KotlinCompileError,false,false
test831,4,1,3,1,true,NoError,true,true
test832,5,1,2,1,true,NoError,true,true
test833,1,4,5,3,false,NoError,true,true
test834,1,2,5,0,false,GraphError,true,false
test835,1,2,1,2,true,NoError,false,false
test836,1,4,3,3,false,InvalidModelError,false,false
test837,3,3,2,1,false,NoError,false,true
test838,5,1,5,1,false,NoError,true,true
test839,4,3,5,2,false,InvalidModelError,true,false
test840,5,2,4,2,true,NoError,true,true
test841,2,1,3,1,true,NoError,false,false
test842,3,5,4,2,true,NoError,true,true
test843,3,1,1,3,false,NoError,false,true
test844,4,3,2,1,false,InvalidModelError,false,false
test845,2,1,5,3,false,NoError,true,true
test846,1,5,4,2,true,NoError,true,true
test847,1,1,3,3,false,NoError,true,true
test848,5,2,3,0,true,InvalidModelError,true,false
test849,4,2,3,0,false,NoError,true,true
test850,2,2,2,2,false,InvalidModelError,false,false
test851,3,2,3,0,false,InvalidModelError,true,false
test852,2,1,5,2,true,InvalidModelError,true,false
test853,3,2,2,1,false,NoError,false,false
test854,5,3,2,2,false,NoError,true,true
test855,1,4,2,0,false,NoError,true,true
test856,1,3,4,3,true,NoError,true,true
test857,5,1,5,3,false,GraphError,false,false
test858,2,3,2,2,false,NoError,false,true
test859,4,5,5,3,false,NoError,true,true
test860,4,5,2,3,true,NoError,true,true
test861,2,1,1,2,false,NoError,false,true
test862,1,4,3,0,true,NoError,true,true
test863,1,2,2,2,true,NoError,true,false
test864,5,2,1,1,true,NoError,true,true
test865,5,3,4,3,true,NoError,true,false
test866,2,4,2,1,true,NoError,true,true
test867,4,1,1,1,false,InvalidModelError,false,false
test868,5,4,5,3,false,KotlinCompileError,false,false
test869,4,4,5,3,false,InvalidModelError,true,false
test870,5,4,1,3,true,InvalidModelError,true,false
test871,4,2,1,2,true,InvalidModelError,true,false
test872,2,1,2,1,false,NoError,false,false
test873,4,1,5,0,true,NoError,true,true
test874,4,1,5,1,false,NoError,false,false
test875,3,2,3,3,false,NoError,false,false
test876,3,5,4,3,true,NoError,true,true
test877,3,4,4,1,true,NoError,true,true
test878,3,5,5,2,true,InvalidModelError,true,false
test879,5,1,3,2,false,InvalidModelError,false,false
test880,5,2,3,2,false,InvalidModelError,false,false
test881,4,5,3,2,true,NoError,true,true
test882,5,4,2,2,false,NoError,false,false
test883,5,4,4,3,true,InvalidModelError,true,false
test884,5,2,3,0,false,KotlinCompileError,false,false
test885,2,4,1,1,false,KotlinRuntimeError,false,false
test886,5,5,5,1,true,NoError,true,true
test887,5,2,1,1,true,InvalidModelError,true,false
test888,2,5,5,2,true,NoError,false,false
test889,5,3,4,0,true,GraphError,true,false
test890,5,5,2,3,true,NoError,true,true
test891,4,5,5,3,true,NoError,true,true
test892,1,2,1,0,false,NoError,false,true
test893,4,5,3,2,true,InvalidModelError,true,false
test894,5,2,2,0,false,InvalidModelError,true,false
test895,3,4,4,0,true,NoError,true,true
test896,3,2,1,1,false,InvalidModelError,false,false
test897,2,1,1,0,false,NoError,false,false
test898,4,4,2,1,true,NoError,true,true
test899,5,2,4,3,true,InvalidModelError,true,false
test900,4,2,3,1,true,KotlinCompileError,false,false
test901,3,1,2,1,true,NoError,true,true
test902,1,2,5,3,false,InvalidModelError,false,false
test903,2,5,2,0,false,NoError,false,false
test904,5,3,4,2,true,InvalidModelError,true,false
test905,2,3,5,2,false,NoError,false,true
test906,1,5,2,3,true,NoError,true,false
test907,5,4,4,1,false,NoError,true,true
test908,4,1,3,0,false,KotlinCompileError,false,false
test909,1,3,1,1,true,NoError,true,true
test910,3,4,3,2,true,NoError,false,false
test911,1,2,1,2,true,NoError,false,false
test912,4,3,4,3,true,NoError,true,true
test913,1,5,1,3,true,NoError,true,true
test914,5,5,3,1,true,NoError,true,true
test915,5,5,1,2,false,InvalidModelError,true,false
test916,1,2,2,2,false,NoError,false,false
test917,1,5,1,1,false,NoError,false,false
test918,1,5,4,3,true,KotlinCompileError,false,false
test919,3,4,5,0,true,InvalidModelError,true,false
test920,1,5,1,3,true,NoError,true,false
test921,5,2,1,1,true,NoError,false,false
test922,4,1,4,3,true,InvalidModelError,true,false
test923,3,3,2,1,false,NoError,false,false
test924,4,3,5,3,false,InvalidModelError,true,false
test925,1,2,4,1,false,NoError,false,true
test926,2,1,1,0,true,NoError,true,true
test927,5,4,5,2,true,NoError,true,true
test928,4,5,1,1,true,KotlinCompileError,false,false
test929,2,2,2,2,true,NoError,false,false
test930,2,4,5,2,true,GraphError,true,false
test931,4,5,1,0,false,InvalidModelError,false,false
test932,4,2,2,3,false,NoError,true,true
test933,5,5,2,1,false,InvalidModelError,true,false
test934,5,2,2,3,false,InvalidModelError,false,false
test935,4,1,3,1,false,InvalidModelError,true,false
test936,5,4,3,2,true,NoError,true,true
test937,4,4,1,2,true,NoError,true,true
test938,1,5,2,3,false,NoError,true,true
test939,1,4,3,2,false,NoError,false,false
test940,4,4,4,2,true,NoError,true,true
test941,5,4,5,0,false,NoError,true,true
test942,3,4,3,3,false,NoError,false,true
test943,4,3,2,0,true,NoError,true,true
test944,4,4,2,0,true,NoError,false,false
test945,3,4,3,3,false,InvalidModelError,false,false
test946,3,2,4,2,true,NoError,true,true
test947,4,1,1,2,false,KotlinRuntimeError,false,false
test948,1,3,3,1,true,NoError,true,true
test949,4,5,5,3,false,GraphError,true,false
test950,3,2,5,0,true,NoError,true,true
test951,4,2,1,2,false,NoError,false,false
test952,5,4,1,2,true,InvalidModelError,false,false
test953,5,2,1,0,false,NoError,false,true
test954,5,3,5,0,true,NoError,true,true
test955,4,2,4,2,true,NoError,true,true
test956,2,1,5,0,true,NoError,true,true
test957,1,4,4,2,false,InvalidModelError,false,false
test958,3,3,2,3,true,NoError,false,false
test959,2,3,3,3,false,NoError,true,false
test960,3,4,3,0,true,NoError,true,true
test961,3,1,4,2,true,NoError,false,true
test962,4,3,2,1,true,NoError,true,false
test963,2,1,4,0,false,NoError,false,true
test964,3,4,3,1,false,NoError,true,true
test965,4,4,5,0,true,GraphError,true,false
test966,3,3,5,2,true,NoError,true,false
test967,5,2,3,1,true,NoError,true,true
test968,1,3,3,2,false,NoError,true,true
test969,1,2,4,3,false,KotlinCompileError,false,false
test970,3,2,1,2,true,NoError,true,false
test971,4,2,4,0,false,InvalidModelError,true,false
test972,5,4,5,2,true,NoError,false,true
test973,4,3,3,3,true,InvalidModelError,true,false
test974,2,5,2,0,false,NoError,false,false
test975,2,2,2,2,true,NoError,false,false
test976,2,3,2,3,true,NoError,true,false
test977,3,1,5,3,true,NoError,true,true
test978,1,4,2,3,false,InvalidModelError,false,false
test979,4,4,1,2,false,NoError,false,false
test980,3,5,5,0,false,InvalidModelError,true,false
test981,1,2,5,2,false,NoError,false,false
test982,4,1,4,0,true,NoError,true,true
test983,5,3,2,0,true,NoError,true,true
test984,2,5,1,1,true,NoError,true,true
test985,1,1,3,1,true,NoError,true,true
test986,4,3,1,0,false,NoError,false,true
test987,5,5,5,0,false,NoError,true,true
test988,1,5,2,3,true,NoError,true,true
test989,2,3,1,3,false,NoError,false,true
test990,2,2,3,2,true,NoError,false,false
test991,5,4,5,1,false,NoError,true,true
test992,2,5,1,0,true,NoError,true,true
test993,2,5,2,2,false,NoError,true,true
test994,5,5,5,3,true,KotlinCompileError,false,false
test995,3,2,3,1,false,InvalidModelError,false,false
test996,2,1,5,0,true,NoError,true,true
test997,4,4,5,3,false,InvalidModelError,false,false
test998,4,2,5,2,true,NoError,true,true
test999,2,1,2,0,true,InvalidModelError,true,false
test1000,1,5,3,3,true,NoError,true,true
